x1,x2,x3,y
-1.0,-0.9149638496746342,0.029519988825916554,5.644028682055386
-0.018785686005356572,1.0,-0.24583899229835482,8.568023549509434
0.5585073816255377,-0.7224168671994091,-0.5366970343308826,-0.06484638630501116
-0.9695965083446263,-0.47158878824722894,-0.8345160597294627,2.3305982157560527
0.5660766796881622,1.0,0.34656002008087206,7.039011989772354
0.7613611422689059,0.29807417522112156,-0.3093928610913643,1.1004151743624928
1.0,0.0721690167415614,0.6766145120429718,8.354753772286971
0.10375703954945026,-0.4591002584176769,0.8773340332211192,-0.7527690008297548
-1.0,1.0,-0.7485750237636877,13.985152956748697
0.27098047304242967,-0.4181943594432669,1.0,-1.968000718086944
0.6229339188287091,-0.30129525790173295,-0.27510660880497184,1.74492407937497
-0.8873501604158098,0.9686784754378117,0.3054282549255336,1.8445043926182656
0.5315570172341133,-1.0,-1.0,-23.378461300986388
-1.0,-0.336509557113859,-1.0,7.7113775760908965
0.4417373079042153,1.0,-1.0,6.815487910325953
-0.2987146878847482,-0.6540004445523322,-1.0,-6.434838324058061
0.3420385366956382,-0.2253945825924808,-0.509677496080071,1.1049851945306448
0.11125871885376215,0.1906844531962819,0.19246154397980586,0.4234747376186526
-0.640957060850682,-0.05050649935703766,0.640818597736704,-0.5667214354868646
0.7646837071443806,-0.05971061052575677,1.0,1.8000922944995335
0.6893308054595029,0.05577334721704119,0.28336885234459674,1.8023293250729908
0.47864532799751713,-0.23498040747894366,0.5141545801793985,1.1661930815346246
0.9051237864215997,-1.0,1.0,-7.745868631014847
-0.9899966621388965,0.650934697529653,-0.1186921107777863,-1.2719364805159692
-1.0,0.7375127531812542,0.2353518038084783,-1.6390911335781833
-1.0,0.18882098513230905,0.9308376014081543,0.6157300571765937
0.2121933276056822,-0.3610384062228822,-0.3733075738467959,1.7040392283046375
-0.7162062958955657,0.6969200147818639,1.0,7.401191697366359
1.0,0.14026799430633008,-0.049958201420573944,4.883771396464619
1.0,0.20608140204535386,0.11916726778985631,5.766515481735458
-0.9059385729473892,-0.1023194444954092,0.06706601460996175,-2.5786981338619896
0.35186283784580197,-1.0,0.03979514341700163,1.4073578500844675
-0.28161292146921246,0.08459450423636516,-0.08206336822001958,0.34237941405570593
0.27978848231493836,-0.7591439319904829,-0.865990200852891,-4.537262199211027
1.0,-0.7426030839591773,0.1487493761703349,1.1616311783436197
0.6294504591255847,1.0,-1.0,10.140421719139995
-0.8399741977906465,-1.0,0.549607182472676,7.677561337516249
-0.8363519288400942,-0.7208627088029549,-0.6924159434217028,2.253345766478537
1.0,-0.4039322143415456,-0.5537908177230548,5.896731366475889
0.1511724424959784,1.0,-0.3843606038282672,10.618346218656159
-0.9804227197388848,-1.0,-0.30776798637836933,6.900802582635203
0.961605738223478,-0.918109870225521,0.2654326109811862,-2.3782127850305095
-0.1299993578822074,-1.0,0.185993447394452,2.647824194000671
-0.12070085157390587,0.6462663160060382,1.0,4.798540756920288
-1.0,0.5615720003795917,1.0,5.427722629258332
-1.0,0.1746476034099127,-0.754641758870038,3.2892033861121326
0.7975145819067779,0.21063530684260146,0.8759293878013883,5.176280812655108
-1.0,0.15889991853085972,0.1779482937339636,-4.461982353719586
0.3073683978682191,-0.056119903072544775,0.11261945669245232,0.8477745236713324
-0.14319070351077823,1.0,-0.8607943241654845,6.918886109892682
-1.0,-0.1827570156368017,-0.3494620555360233,-3.7119060501147723
1.0,1.0,-1.0,38.8693499749494
-0.15400821141603704,0.6451024123302018,0.39356293949959387,0.5555747663935362
0.7012978571017174,-0.760266451368222,0.4592262711162476,1.6622711518187
0.7897672359675774,-0.479122599379356,-1.0,-4.810191735969873
-1.0,-0.3933903726717347,0.029749020643009993,-1.9739115755950927
0.5961726538834189,0.3088622896369375,0.002917837046179095,1.2899654241401286
-0.4259689696451259,0.07242758617265821,-0.5641393824123087,0.5109850176713406
0.34710731206754275,-0.5404002434381745,-0.412995038657735,0.5122532677176992
0.2381001784182064,-0.562128087412294,-0.5838430108333985,0.4634631819589082
-0.08840449509065973,0.5261043926154159,-0.11120588569622392,0.2601269015364018
-0.4318391860641877,-0.5682087568653265,-0.8533602942936664,-1.8443451757419123
-0.179923873893985,-1.0,-0.4219989465533285,2.289575424312923
0.8830026393443111,0.6638365583355024,0.5561893232394508,7.346781395726535
0.08837149277917389,0.861257580296984,0.6803016583207881,3.815978238326068
-0.280082094810046,1.0,1.0,14.5376095079192
0.3191073413235499,-0.8658175272371909,-0.782203673708999,-3.8380923223569314
-0.4461707871942544,0.8027238618297554,-0.6173414819926071,-1.1223507186456314
0.29655315050462683,0.5444507201807742,-1.0,-2.8229020666319635
0.41615928583617046,-0.5184466563813903,0.8052759191247882,-0.5883749722455279
1.0,-1.0,1.0,-9.665983801238038
0.2426980309204796,-0.3833409439105322,-0.8367988180998094,-0.21311455781406402
-0.4412433827844948,1.0,0.21634568341326021,5.150450876917249
-0.38730503938256344,0.6359606495538419,-0.6791235191602145,-1.6150785645205878
1.0,-0.2629484395120425,-0.729119954037917,6.285511082693127
-0.5460852791412516,-0.4540549689955826,-0.04866474056087955,0.9881954444090688
-0.5508314620373449,0.5533887019588477,0.4847585564207919,-1.664007666874984
1.0,0.816002827488683,-0.04069559342443707,9.398486497056316
0.23131636761823482,-0.8179003683366517,0.9332702176723844,-3.8580797759296823
-0.4955195275142792,-0.9016468487116875,-1.0,-8.565209455414749
-0.25492333901250985,-0.3396359703580989,0.7704762637020854,1.1192206169599208
-1.0,0.40811042663204145,0.3875759187085124,-3.885535263727953
0.5793894035323159,-0.06548490923030337,0.018314836446148952,1.0478047162909496
0.7843825589008211,-1.0,-1.0,-26.749990672137127
0.8743082115020178,-0.8969338020241349,0.44352807036432806,-1.6924029359891382
-0.09913464732810007,0.5232696996782584,-0.16803645896809116,-0.27504421459899786
-0.8902240268345849,0.20960801405783247,0.28009448401540005,-3.710223952915941
1.0,-1.0,0.06549511941901609,-8.222378551442496
-0.31566710000622344,-0.2612891362305656,-1.0,-2.7328150167187952
0.5927476846747912,-0.21406975847126208,-1.0,-3.078947113567007
0.5784410788096213,0.021799422669503965,0.7364227509660681,1.9798140662710195
-0.12773311228146667,0.11113217719274293,1.0,0.8777664241135702
0.16445205808628494,-0.0018757041616559444,0.03126613144239987,0.25430833809897946
-1.0,1.0,0.3359939735623434,3.3514116094053286
-0.19889995270930738,0.8215828331564297,-0.5901217962212231,1.1297783981949092
-0.05497183271946793,-1.0,0.23591734335130754,2.316308634406158
1.0,0.5117482565973059,-1.0,12.408194629016158
-1.0,0.07739098085849339,0.1221562315639384,-4.399469220317817
-1.0,-0.0489571932953472,-1.0,10.865017232222138
0.06166380582702047,0.12902768336222836,-0.7216114744042728,0.19864205416068242
-1.0,0.5933736893551755,0.6074886551904726,-3.9412036520899685
-1.0,-0.6505654819010385,-0.9353904146205858,3.574113232857164
0.521064745984162,-0.0035409102753125588,0.1161450536515094,1.8244029743684869
1.0,-1.0,0.14407936178388892,-7.17721367020187
0.37875836198271884,0.2029722147147346,0.17383155789050786,0.8557597950381926
-0.36608918556992975,0.05606061813591534,0.5292431023962849,-0.45037784126297326
0.5132505108446019,0.02498729624111129,0.36937145763615997,1.5713989682281888
-0.5446551053782309,-1.0,0.4175069205176951,4.163995077594041
-1.0,-1.0,0.5111874150940061,12.199295982931101
1.0,-0.5420755851806207,0.08058301675386903,3.281105442330552
-0.08499800279611436,0.9692061774375671,-1.0,1.4162144525554292
-1.0,0.02863623320020059,-0.11811906828602936,-4.955854894105348
-1.0,0.5436751421259287,-0.7583172427876297,6.522649759790415
-0.10655698700247074,-0.7971101393276605,-0.9957069252989512,-8.753100531806195
0.8640768314299403,0.3654730998352844,0.10607380530067179,3.4815868797495217
0.12969047684984636,-0.32898306328676075,-0.8524272246414453,-1.2335571002769548
-0.024797780441539796,-0.21120630626181636,-0.586178028950455,1.241071593915016
-0.2792766000556166,0.3876589679523039,-1.0,-2.8580976101591604
-0.13899294809178642,-0.7916420710955854,-0.6407444258612771,-0.029079492457375684
-0.6957937632079496,0.12166704811762541,-0.05785583755247292,-1.6033943173486391
1.0,-1.0,0.5243311528200401,-6.994532496565209
0.31307608080770133,-0.8482286712361278,0.6031372025009276,0.3914950240071465
0.2417379938322839,0.14959682091606918,0.7631317709990855,0.8677140395733371
-0.6527417843282826,-1.0,-0.6043681968338852,0.9555968745497717
-0.6677367410665502,-0.047627040491646344,-0.3809450458836292,-0.6701734102265907
0.033600658378664106,-0.43337968116641146,0.6574372862385922,0.5840058373333925
-0.3987281459385177,0.7408205925693097,0.6809646419007109,1.5600694691923964
-0.14814779440432324,1.0,1.0,13.535763484831786
-0.07502454966074956,1.0,-0.4023247496863669,9.463573200119402
0.7510218375791404,1.0,0.1866431604554768,7.429271949703387
0.9351986382774864,-0.2696824637693016,-0.15053004735137931,2.882180476427999
0.8433610647854886,0.3696449857791937,-0.034977885354599225,2.7816334849384767
0.09944195860958671,-0.16437154650782215,-0.14785088281265857,0.6624396353531417
-0.5514269418592472,1.0,0.323475295933088,4.599445127537684
-0.2607195645296492,-0.5413428986691577,1.0,-1.0795598689038521
-0.8191191327021958,0.6577458354517911,0.34902626094696854,-3.1128102211317152
-1.0,-1.0,-0.4328899093417722,5.750451340591851
0.10061641235042051,-0.14360758197357004,-0.33693266161775304,1.1676349580900955
0.04376722025797597,1.0,-0.15685072339758688,8.817275495560127
0.340780139922334,-0.2339110074758819,-0.43144598683295077,1.8735588098362763
0.6909902464945492,-0.5869843928767677,0.24696115810990116,1.9272090635835002
0.13020433690148137,-0.09077292890022681,0.43024898667852574,0.37745347439067684
-1.0,-1.0,0.2924682263259062,9.390231868373156
0.022116806050241244,-1.0,0.4260803136954865,1.2533372514714618
0.08901394245782024,-0.07431400469271776,0.11076907957250293,0.7967893944158285
-0.38572529860833304,0.36625349583664035,0.5474965139070007,-0.2436633674763034
1.0,-0.07399650044095663,1.0,10.498748227376154
0.3832481453105714,-1.0,0.5637877547832915,0.12761512012253626
0.8536311383768034,0.20327850026454164,1.0,8.011382008016326
-1.0,-0.8807201927271273,1.0,19.12776683188762
0.512876171836907,-1.0,0.0269456162634083,0.749311439471985
0.2133977186831928,0.4857478173322851,-1.0,-2.4592323994378367
-0.5248539291459737,0.352544513525582,0.21169838167337995,-1.2242031251692447
-0.23053673214446402,-0.16410112483702388,0.19375507047063323,0.4922810311698963
0.5369369622559359,0.3406515985174903,-0.1912518819248723,0.9811770908103987
1.0,-0.48297118716520426,0.016378036321421652,3.7472598513042588
0.9100501830410241,-0.6108923097154826,-1.0,-4.431968817044106
0.09784875922715752,1.0,0.03329871360451819,7.700395444805149
0.7145426562261779,-0.29730781479915525,0.8792421182612451,0.9105508210626017
1.0,-0.953752083006389,-1.0,-22.230487716804046
-0.4723150871079298,-0.5795300550925122,-0.5607596634187775,0.7932744179327098
0.673247343909434,0.35748045208613943,-0.8877676194026389,0.7758357336600465
-0.6002919643074427,1.0,-0.04123764437021071,5.390906016341863
-0.7199592464863631,-0.6124686677099107,-1.0,-0.5480888296880865
0.9865041436939468,-1.0,-0.546884492003948,-11.376227817520226
-0.21714045539069926,0.7017432620978912,-0.4792907503270727,0.7752455188329893
-0.30878816994883884,-0.31892952478066294,-1.0,-4.2510681088216025
0.8976905377000972,-0.7244837663606156,-0.724618825796663,0.6135643762811198
-1.0,-1.0,0.5338126847955469,13.031875804099936
1.0,-1.0,-0.3849100658377238,-10.154590156894566
0.7527332108295517,0.2441660298022046,0.6178882789934461,2.447693103938246
1.0,-0.029335798851410022,-0.9370574753616951,7.976351295913354
0.3893385486890697,0.92502415447391,0.21577052983491862,4.160500401510536
0.011022115302538715,1.0,1.0,12.973497269776582
-0.4795600781279066,-0.30726391535700937,1.0,1.6812165821598923
-0.5232073255996244,0.3337168824121026,-0.21830263308523135,-1.0452647141517144
-1.0,1.0,-0.06950036891960121,9.042661810477226
-1.0,-0.08667477980926841,0.5196338510656189,-3.0776000277503073
0.19558302209649736,-0.2894261596200074,-0.09390105764475809,1.1263965678171561
1.0,0.05008148311535221,-1.0,9.07187316693075
0.6786815482892801,-0.37614763911819793,0.68553121589391,1.7266308297109358
0.16523174213390956,0.8182088691392906,-0.618267310406843,3.046656385314412
0.9458769722587761,-0.4938721729049318,-0.6610914576020368,4.216032625876889
-0.12814434953622755,1.0,-1.0,2.841587205416537
1.0,1.0,1.0,25.86762038842881
0.1863372119019795,-0.5029066993757767,-0.14497338566863505,1.2697337611650066
0.9071779604790291,1.0,-0.11372278631389166,12.193795249978598
-9.317810984765806e-05,-0.2345381656137706,1.0,-0.09166137313143918
-1.0,0.1729752942656997,0.1527615980278123,-4.61764497896414
-0.5955972561317475,-1.0,-0.27473193934664564,3.925216350721744
0.8421729186946949,-1.0,-0.3681837860983672,-5.817849414850857
-1.0,-1.0,1.0,21.4520173353423
0.09080185129878182,-1.0,0.4065326142412691,0.9458207785639313
-0.7790147817254915,0.5152280579494362,1.0,4.2560458115092645
0.5572268429920508,-0.20499872867973123,0.795030195863319,0.737887528180674
0.7173150739543575,-0.8020784821363516,-1.0,-12.571249242619109
-0.5948827909618863,-0.11581831978839396,-1.0,0.624431902979321
1.0,0.30122602271995746,-0.49330102798114694,5.431137490451957
-0.311387147001535,-0.7876984738260056,0.5896860563211643,0.8120236960580701
-0.2516455684619219,0.6682546931548685,0.13921728371281294,0.14095842033532674
0.4288302903305621,0.3018089220933222,1.0,1.1601155361831315
0.8934923952134701,0.005573310998510106,0.6387424150173924,4.949272471581102
-1.0,-1.0,0.2361549437667636,9.169215444345896
-0.5066009290166238,0.7376105387143934,0.5791566518979441,0.17132482428939344
-0.14151476490437975,-0.5578449765981182,0.7193712991435315,-0.19304679405002023
-0.2522727303488532,-0.35064069365062966,-0.7372765352048967,0.06858563173771318
-1.0,0.7922083745273878,-0.9660720339045412,17.567800865629643
-0.29631736099009376,-0.8468345844160634,-0.41457197520894606,1.1296641115091446
1.0,-1.0,-1.0,-30.21791116602241
0.14725127061080978,-0.34378825416724523,0.6861293027745217,0.04443907078734716
0.6861530257037711,-1.0,-0.7631600611175959,-11.12161971647427
-0.5489238638439138,0.7890688660536429,-0.5177566362310504,-1.0630701809430947
-0.1550942208110282,0.9668382411853387,0.5367270792073839,5.971291796698956
0.04020066304638914,-0.776300811264145,0.6855556476530644,-0.40964706106530213
0.9966691782418422,0.11370883750176342,-0.5565398123340086,4.753295350723296
-1.0,1.0,0.7653954154282097,2.275573362236772
0.8032868084753348,-1.0,-1.0,-27.796033950687928
-1.0,-0.7186477166249552,0.0921601120718214,1.681495104677564
0.6830526226202871,0.08739560645520728,-1.0,-0.6866067034701459
0.27466071869751274,-0.3363946033997127,-0.3495156919578182,1.2058979146771314
1.0,-1.0,0.7474837164418922,-6.4747244910428705
-1.0,-0.3115857790724361,0.9349210489602768,4.016092005887188
-0.8236759454611162,-0.46994195759373625,-0.8049214628431514,2.083099837823251
0.38714432039169777,0.3871423244069503,1.0,2.3408795693235622
0.6377330697357622,-0.899253602840077,0.18326810343134392,-0.49086738210459635
0.4241338193124753,0.9638617799771729,-0.44557366736223925,7.838791848425649
-0.7954301812226945,-0.34633905833867673,-0.834056345451273,2.2970838431435086
0.0709001661010189,1.0,-0.3678789602517545,9.09331117904429
-0.4215534087998283,0.9452643210496818,-0.24246585956404965,4.951305731249455
0.3156001456847286,-0.4020483594620532,0.7180536481931579,-0.2551646923479212
-0.1727560358721354,0.7262463525137142,0.7561813556698425,2.3802507929106973
1.0,-0.7651764482908765,-0.23536438290731976,1.96395952474804
-1.0,-0.005359355846594971,-0.6551071262517698,-1.2001812335736812
-1.0,0.10310877111875172,0.7521929694354927,-1.8997464856797852
0.31898355180447435,-0.23923970534554306,-0.20287637332019948,0.8125370346329532
0.3601115629597753,-0.289820339003771,1.0,-2.2143519672144527
0.5881307388319654,-1.0,-0.37825343816169177,-1.4635110159163023
0.21220905881228203,-0.70201856196516,-0.44007505562612903,2.122630416645294
0.9098733238572774,-1.0,0.29879943904797024,-5.569122409818336
-0.23019492870438696,0.2247335585052268,0.594968635769485,-0.14251328369603272
1.0,-1.0,0.957735315893947,-8.381243934173423
-0.8317288899263073,0.055176076753775005,-0.016121615674682843,-1.9519369817187107
-0.09270203726927817,-0.6351799703729992,-0.7284438681075716,-0.3085594528358406
1.0,0.25423637162012525,1.0,17.472878902362538
-1.0,0.33383897806247753,1.0,4.1987406015128
-0.9775448511180218,-0.0022363801150613316,-1.0,10.541459478245088
1.0,0.20142554716632688,0.22622887741697606,5.823373564905465
0.5418683633950536,-0.5816830399561752,-0.24770501187840344,0.9344625455351121
-0.6859951389878196,0.21744852004458437,-1.0,2.0306497243827746
-0.23601067139696164,1.0,-1.0,2.840137256721183
0.1917087493904006,-0.2110654156753462,-0.6480325334507722,0.951429338432901
0.364024823912096,-0.5711640662147712,-0.19799591862436894,1.5502335862387033
0.1225175417710811,-1.0,1.0,-7.180398716793866
1.0,-0.31296636647816456,1.0,7.339888621842175
0.20641267907516414,0.04128919267955822,-0.11842078649068877,1.3675281824985557
0.3473706124990823,1.0,-1.0,6.248392604332727
0.5180652904151695,-1.0,-0.7183126662540442,-7.024511174122455
-1.0,0.13010540594116304,1.0,3.718828864554527
-0.5662297589229968,1.0,1.0,16.121337445057026
-1.0,0.3023884379808035,0.06719797382650805,-3.9827382972499015
0.7453940537244026,-0.3473663840531851,0.5610041430054626,2.2226036283653605
-0.11574365272577469,-0.8399142968656417,-0.15336186754651004,3.0894242259681004
-1.0,-0.3545475036981405,0.8954258401522739,3.0698119887583424
-0.8728736616565296,1.0,-0.6495924175052681,6.14608821949121
0.5162373268517768,1.0,0.9080666387893517,9.293224541671716
-0.6775194809480756,0.14250225736215238,0.14423911316376548,-0.8441854055845022
-1.0,-0.4067521895673165,-0.536783529385302,-0.669663282157329
0.7517604955648518,-0.6693774060469717,-0.1916787236159938,0.33958698815918387
-0.4515305100532856,-1.0,-0.07924546724806714,3.066591951284247
-0.11572257189695567,0.13773512433957302,1.0,1.1171349582685395
0.23686055150093765,0.20835298873074604,-0.06587177749269246,0.7357228318822794
-0.4075277214835171,-0.7433667975550116,0.9011864183431777,-0.1131374225783543
-1.0,0.11609844631601729,-0.42737521054973726,-1.3767345988960624
1.0,0.41240291414130836,-0.2716799990865426,4.614339728382731
-0.04657065166406116,0.13986252513758957,0.740330847031903,-0.34372432476826625
-0.5730660747931002,0.031277457103821016,1.0,2.056788219293428
0.09024010674986349,-0.0372210706516547,0.00695564122148129,1.645179777891873
1.0,0.46481223266211025,-0.40286127710248065,5.23676505301617
-0.7123653850414027,0.5428025919738504,-0.6130605813062435,-2.6399637587387437
-1.0,0.4701949365770306,0.930209736448862,0.9315678219514988
0.23748460061054377,0.8101792258255531,-0.3866487655578925,3.336232594047999
-0.5721367364821053,1.0,0.2939204973938232,4.545895490137639
1.0,-0.7793210570286642,-1.0,-6.0416834131354245
1.0,-0.49152930420621566,1.0,5.123565600973851
-0.8518495877204257,1.0,-0.8115950293534018,4.74551141477439
-0.8083032197512727,-0.5280675450853618,-0.3787515383674467,1.7883156077159235
0.2042852654735856,0.013638454689264501,0.07148750741365428,0.952325942015313
-1.0,-0.5028247888100672,-0.7585605084573468,0.5677019073502404
-0.5722172387329816,-1.0,1.0,-2.4830975540919247
-0.43168677703974123,-1.0,0.9099988426406482,-1.930535631339754
-0.27726980280869373,1.0,0.16205990300500872,6.798853308445354
0.5458203898091825,-1.0,0.9841255615472051,-6.454508308858863
-0.36638695330468507,-0.1896960657137623,-0.8413932656725065,-0.8957995077754245
-0.5438403784021673,0.09547663701874032,-0.9239236775878614,-0.2759429649273543
0.616727889022173,1.0,0.01630964755441,7.473009263314518
-0.7744567516740453,-0.9443173768557505,-1.0,-3.075711479205014
0.543753905603306,-1.0,-0.4374130092028623,-2.96033948328572
0.09297985190176372,-0.5030069198922842,0.49114264039750855,1.5556523562336833
-0.3501675735262133,0.6449587084028416,0.6551179370986815,1.001122813131777
-0.33554265066646805,-0.34096045100327577,-0.9873076141974002,-2.284969797550919
0.32126190638920193,-0.4337650254763503,-0.2451952096179686,1.3761878440008657
0.5070118862528532,-0.3733280480986876,-1.0,-5.161838990375029
-0.35372082865365173,0.5880895959640309,-0.40186226280302884,-1.0418761316076015
1.0,-0.911767826752629,0.9605727073706196,-4.414215647324618
0.4648065267026693,-0.6348744513255526,0.28544516417249377,1.295036784783218
-1.0,-1.0,0.7246994612495172,15.908564298302283
-0.30600207212056807,-0.07691419825775592,-0.03325655475327571,-0.4244140130180214
-1.0,0.09708572639772406,0.48467120145746145,-3.3994896768537766
-0.7349638790132829,0.22361296931602825,-0.6366793118120533,-0.4858925871648515
-0.10254639767804452,-0.5421568266021051,0.14752641229271157,0.5889157346785183
0.7672578037261621,-0.5105290092869057,-0.020915825034236057,1.8584909835726462
1.0,-0.8220332949012792,0.1757414596910276,0.05228965862540769
-0.8491732366525468,-0.030839462283346553,-0.4398748863502566,-0.9871570480107663
-1.0,0.5949021585236494,-0.5934109054370988,2.9343695846868676
1.0,0.78934853131359,1.0,26.923436326049696
1.0,-0.22320988154709842,0.5365546889993085,6.03921925638031
-0.9201427639463906,0.9940671319248433,-0.3704405950806302,7.442239765554554
1.0,1.0,-0.18243293513886494,16.16541457056928
-0.2859420831479209,0.5094269489212107,-0.35754525043200003,-0.5248018980449863
-0.31539043833395053,-0.46670585348434623,-0.028630906208755746,0.3880159699482858
-1.0,0.5723172599552606,-0.2983429826221644,-0.556823168095016
0.2238648675598729,-1.0,0.6613496061026469,-0.8227135021723672
-0.6919626163424162,0.9253233293688812,-0.06957296777800237,2.343573058885602
0.9457863680444154,-0.4291705583982135,0.571706887129555,4.65058530266565
-1.0,-0.739800586120331,0.6089246555868151,7.080393293204512
-0.3516150655985486,0.010288684354828437,-0.1567599962284476,-0.36735120199099436
-0.673301588629166,1.0,-0.7147019538788257,2.864268981902079
0.7316560402565753,-0.10601741493271266,-0.261728411289867,1.558240177923241
1.0,0.9337553632697084,1.0,26.46545201723657
-1.0,-1.0,-0.2635576048299828,6.856571466813298
-0.5837141404635804,1.0,0.555013678161379,4.713961027395699
0.9791593411409123,-0.27447151716472185,0.3097579610323389,4.3934267944491925
0.5910450768893114,0.4799431248365298,0.6418978338826715,1.6729473529663093
0.5673211966427223,-0.833011537832478,-0.0818010640800364,0.6625300161425653
0.6420797577176758,-0.0036182443254082486,0.08068153013078216,1.6406988465133652
-0.17318890431537937,0.0550141248223579,0.8406797601863085,0.2853716595153264
1.0,0.9281144073776513,0.583560369837339,13.661066269377846
-0.08197851160454972,-0.2677869304935441,0.34727235406250556,0.9219813527337619
-1.0,0.7034570421971194,0.7212344978722849,-1.538393461317831
1.0,1.0,-1.0,39.70686525655784
-0.5471637987824514,0.8060211123862635,-0.3915822309485766,-0.19968996146842388
0.4435670202100175,0.21251409897247409,-0.7977601546626925,0.7271531054706922
1.0,0.2943397740296638,0.16997966784320706,6.891458914686782
-0.6119803468311462,-0.4298214865368837,-1.0,-0.5727059469329189
-1.0,1.0,1.0,17.264801540013707
1.0,-0.326915502603055,0.8458746738026424,6.041506475097996
0.09072952884905683,0.011618980502136278,1.0,0.6030789217455728
0.21491806738027908,1.0,0.49962285660803274,7.1865023914156385
-0.1242779926197537,0.2457989208301279,0.16205747866041653,0.5938797443704588
0.5549905999807934,0.018031312340965222,-0.6056501536352017,1.4771190230914888
0.415907908700196,-1.0,-1.0,-20.97200008991374
0.1968887059160347,0.28714799824333603,-0.06127882637084481,1.3798315495154083
1.0,0.6271687891746689,-0.7656698578453207,8.08246709353907
-0.5162160974588861,-0.5926618835553876,0.8609648437156132,1.509494959735568
-0.21477094206950587,0.7250329646985252,-0.143949997767592,0.20983304030558358
-0.3444637446447594,-0.5899456731134076,1.0,-0.6668765491259905
1.0,0.13542415237405314,1.0,14.492432097440386
0.1490677446095563,-0.2670291058739045,-0.8971994632396658,-1.6025870652203142
0.6881584178081015,0.011490891557911498,0.8977971722782325,1.293443527973437
0.6515414313233319,1.0,0.48373479869039393,6.918413173733904
-0.03202521488181542,0.8180340326628697,0.31001979910123967,2.071042401751874
0.4594339291645704,0.3982870903194595,0.9134898394895064,0.9926366699311786
-0.6439235379640471,-0.9659809211334984,-1.0,-7.221423424597763
1.0,-0.5253049290228562,0.3717410190350996,4.223249255067888
-1.0,-0.7359105814606006,-0.6524188968430638,1.837209018460458
1.0,0.7065024647993201,0.7363616856053399,14.651401549114368
-0.6347110655786841,0.801942438205556,0.04015546624820798,-0.43784258299567175
0.14003458471813168,0.14051354182575215,1.0,0.4907474857686368
-0.1528398278677665,-0.3689380517377152,-1.0,-4.635057272806217
0.622709987536846,-0.24887162866539847,-0.22211048861275318,1.2329873887544749
0.062812625233154,0.019344548394368388,-0.9559866263334804,-2.9754817016581128
0.3302296612745945,0.24319948612304887,0.3618638384352779,1.5912589658200642
-1.0,-0.936148818901005,-0.682627121265881,3.703429613202892
0.059058967258821315,-0.42506207189055933,-0.8839182770353644,-1.9061242355125272
1.0,1.0,0.7674730979402453,17.7392626121221
0.8392719168206002,0.17048331021807006,-0.2300129521751184,2.0869040758419883
-0.45744452855140194,-1.0,0.18322241918295168,3.6545615427924676
1.0,0.34419583177213653,-1.0,11.084744482447881
1.0,0.02736765890671955,-0.498809150315239,4.555539978978834
-0.6101557668543633,-0.3213533264374049,1.0,2.2554294039625082
-1.0,-0.24466404616129567,0.26625791162958956,-3.2354577479711146
0.3443342037509576,0.34925957604543445,-1.0,-2.7758857444357097
-0.16775935228461214,-0.1370956497959006,-0.9829485023716273,-2.821384720697499
1.0,0.05668905045928363,0.9784522303775309,12.431291376646595
1.0,0.9165424423060944,-1.0,28.621595944516624
-0.8166340770737852,-1.0,-1.0,-3.797034618327943
0.6360110718138117,0.06620319832654342,0.7431257787838106,1.3298064902328108
-0.02871501418877731,-0.27331050257378475,1.0,-1.3433290006198448
-0.7861323267588289,0.047619705464252204,-0.43102918414232216,-1.1013660765687563
0.6184940229639357,0.6666639701976458,0.7854216141184143,4.008918877972095
0.7616821600764232,-0.5788222618235603,0.3405506172674073,0.9554081938272123
0.39808993438311036,0.7411842230440542,0.45025762605615705,2.8029787378591813
1.0,0.9162924127254062,0.4249292268027518,11.841473586611343
1.0,-1.0,-1.0,-29.643224917088126
-1.0,0.21941220374498505,0.13603788903752356,-4.450385001881839
1.0,-0.8147357661778245,-0.03696743893161192,-0.10288481792808862
0.22537165291298478,0.63637484565083,-1.0,-4.098073587802741
-0.8671242772651855,-0.9614156223358468,1.0,10.891943628715797
-0.26867511857025117,0.9296467013036442,-1.0,-1.1144976815694654
0.3044655983559563,0.5342507977908191,-0.013244476992712695,1.1982862874157172
0.5305500281245754,-1.0,0.07141939167504963,-0.47572919957998316
0.8259647440909177,-1.0,-0.573780130664604,-8.140200005225505
-1.0,-0.15701257864036866,-1.0,9.406386079025765
-0.8584140517682266,-1.0,0.19557261367206458,7.684751897222653
-1.0,0.009843840487084643,0.3862793641028972,-4.680360134482926
-0.08333668720538845,-0.9060475454130288,-0.02308815909443629,3.1768946279860333
0.9405658642716552,0.3754082047268139,-1.0,8.009366681092716
1.0,0.21799636039055637,-0.4363796379516591,3.7808335310938173
1.0,0.33824629340309276,-1.0,10.656938872102039
-0.4890709410438725,-0.30473429538738683,0.3477115342264907,0.49216350583385027
1.0,1.0,0.09216668840111675,14.004835178424985
-1.0,0.042377022562545275,-0.04658095219328029,-4.255674496004585
1.0,-0.26147885779021296,-0.1453043727227803,3.9784710474211398
-0.5849101447527856,0.04165810409097648,-0.13084834319755334,-1.2866736762509547
-1.0,0.25175753772082277,-1.0,14.394614677702704
-0.34211646246995175,0.35094720531161694,0.348939798363332,-0.4984605875500181
1.0,1.0,-0.6773069057703716,24.97226268277546
1.0,0.7382699494324085,-0.9557245342811802,16.228217773295803
0.18577231083690737,0.9136914253093407,-1.0,0.02801084540774238
0.031072194839888212,0.5644554950511391,-1.0,-3.78732201214817
1.0,-1.0,0.8823194209270764,-7.408365636555243
-0.6751376024214641,0.8272262692038146,1.0,10.157578976949061
-0.36228998603500684,0.3838796573371195,1.0,2.932720087749636
-0.505380060329178,-0.9855957981604682,-0.7485736371263192,-2.1835108500875555
-1.0,0.08975050679166952,0.5016436812417493,-4.598322186100818
1.0,-0.16065546877058767,-0.754947944223687,6.103949806509659
0.6022155307677215,0.1915615570563911,1.0,1.5776722763032898
-0.5031938174949628,-0.05622709399165693,0.043336810774923906,-0.26796033138137515
1.0,-1.0,-1.0,-29.35707212853233
-0.3985491534224246,0.9503401672202993,0.46654390897419407,5.1169665588732745
-0.4167139393137589,0.9635723315804705,0.18094801866667476,4.032652401807567
0.6429976704687528,0.2315736429596169,0.33076321065917025,1.5644741114192002
0.9395635893048073,0.9360403039291962,0.24533219704939468,9.450286461322847
-1.0,0.5709300701960693,-0.47647447421387,1.5369227244510637
-0.9312542255182428,0.36230230957667064,-0.057921550787016995,-3.807666032183026
-0.15253071493582127,-1.0,0.8960105971343744,-4.282741458043941
-1.0,-0.553439264411377,-0.2644750547863757,-0.45114658963308385
-1.0,-0.4276456141452545,-1.0,6.408134911595746
0.9308268851828043,-0.4068745199772257,-0.9187925270813571,2.8267800757771635
-0.02299730329388794,-0.5879529020673926,0.32127855174858944,1.144928030178153
0.6905594309258045,0.7271822823235738,0.6725788725849227,5.199867149866138
0.34357885057170834,0.29392135232297845,-0.6054930758923984,1.852717526440936
1.0,0.8371844212623885,-0.12159363211912,8.736553648264529
0.9302707994108255,-0.4253809779852813,-0.7989786075852356,3.6734839198406686
-0.24414022141735292,-0.13690986002824013,0.7079812564395358,-0.5933395740566132
0.07226863468902756,0.19890001209572428,0.49890583980886416,0.8493134630218732
1.0,-0.8298600895281028,-1.0,-9.262928055411894
1.0,-1.0,-1.0,-29.87158645447827
1.0,-0.32845175440707597,-1.0,5.216470985940914
0.3637474287446314,-1.0,0.8714447454935255,-4.121767275100851
-0.06310307596693021,1.0,0.13191489890881147,7.115485230045749
-0.0576908371254341,0.15721674077938785,-0.6558303545044726,0.5095933396341342
0.7932605264410673,-0.6677216564733242,0.3611614439165005,1.2265418117556632
0.6372505342758967,-0.04781985781403897,-0.06669746156345524,1.5892890218329012
0.3619201296785668,-0.06515955444641719,0.7743922427159797,1.1883851299282495
-1.0,0.9841016174310004,0.24267830002919255,3.2710606609200115
-0.4799602343977398,-1.0,0.28042969008309093,3.3284328401894627
0.3796207103347333,0.4762620763244301,0.14574872611177359,1.6439613299913747
-0.5506881567942357,0.27649748771074356,0.13386751522726192,-2.11595280095577
0.32910244337263794,1.0,-1.0,5.879648974000851
-0.712828967513532,0.3427853579158353,1.0,3.5047221542209934
0.7394469364671872,-0.13413941304373966,0.6109013730203454,2.2971971723015354
-0.14617442523130308,-0.8426792733786312,-0.9119387545915787,-6.608789762058592
1.0,-0.2977771889622811,1.0,7.9196726357553855
1.0,-0.28058018879160884,1.0,7.606841444053937
-0.33953342278767473,0.8719842920845835,0.6197095421786174,3.031832045434074
0.13730671584539667,-0.785153595012398,-0.46366605030703667,1.2828128289350171
-0.42670282989555286,0.6224566402518774,0.5843176624738677,0.041550157746191
-0.4796408110606021,0.4299434720794244,0.09778376440883485,-1.3794279041314492
-0.8947411567177268,-1.0,-0.17081582322384414,7.22266119440497
0.14789027030178703,0.33961221396427543,-0.6166379332028304,1.3007885166318722
0.9439007043258592,0.8112933806913878,-0.928616014778443,12.525250335604005
-0.31980045402016,-1.0,-0.2831295476452709,2.874455591130265
-1.0,0.6852656120557288,0.047922135395528365,-2.464505727322401
0.19404620648961424,0.30252521399917365,0.18762960876225532,0.27905236373058795
-0.3181427731603832,0.9490862958410173,0.46682463074069047,5.747916521599182
-0.22307784420685928,-0.7360275963909113,1.0,-0.7444484678427632
-0.3044037027863593,1.0,0.6745215116301031,9.31296748697769
1.0,0.41479598946635887,0.16197380637649328,6.767847208861382
0.05481215463941913,-0.5756385995512503,0.29211303393986654,0.9493661566486749
-1.0,-0.9037050139305358,0.11420958380036716,6.119494584618167
-1.0,0.01056830345919857,1.0,3.2576584142723224
1.0,1.0,0.761640044951901,17.923262072960163
-0.24910995981615014,0.5252180671173479,-0.859180161462558,-1.9137096178053556
-0.7352376476411189,1.0,0.20525011447227826,4.146906551183608
-0.30014322950031436,1.0,-4.6052462860934895e-06,6.636981879934831
-0.9580956343876905,0.2473222452578181,0.7790104792215773,-2.6221793717257755
-0.8600242870415995,-0.8523194506919045,-0.5530615321640953,3.009266464625792
0.33198600311065873,-0.3963623962169034,-0.1740157416962258,1.477106630146164
0.7031884853943102,1.0,0.9518488914889638,11.072038322610005
-0.20585139914607975,-0.49397245313107874,-0.2582138629366555,1.1278805702830634
-0.3511515815764241,-0.22143591491631032,-1.0,-2.9684970808113196
-0.6579000890052884,-0.16378419410878609,-0.5225692271009537,-0.02863170258046821
1.0,0.20301133638960178,1.0,16.951388187863554
-1.0,0.1225488416806122,-0.4931316725467876,-2.3700962299366712
-0.8840700038343208,0.28192313598574636,-0.8389856692847282,3.18481786001974
-0.44879505008421017,-1.0,-0.6316347497985972,-0.6968129937451639
-0.04801194665715691,-0.010169830355239329,0.5496599018031434,0.3488499588604663
0.555644314919358,0.34848625820716106,0.44800044124153615,1.597032297428887
0.7149684863510588,-0.3342810995526675,0.7127548640455257,1.1115351639510411
-0.758322683415098,0.5055830092711449,0.6403822950412861,-1.4595833767456239
0.5347726045278927,0.3058456114972814,-1.0,-1.7136860222760726
0.0023638593768562366,1.0,-0.2913535419651401,9.321609590802248
0.198884200722814,-1.0,-0.11139579565953239,1.278290059837294
-0.89702998457611,0.20917576871612398,-0.09641562227688283,-2.309601165473871
-0.3576228737156071,-1.0,-1.0,-13.772452817852757
-1.0,-0.6556907961974658,0.48049202565568194,2.5340727106719445
-0.010231552328778593,0.054749252021747186,-0.95331852694247,-1.4592346390066027
-1.0,0.8647311185817463,1.0,12.838031283544863
-0.4173615381920788,-0.22881323082641947,1.0,1.168528603710468
0.32603005221244175,1.0,-1.0,5.826709592601139
-0.4694849631444653,0.5968281720848816,0.9701045555347532,3.9059590741613808
0.009609088675602395,-0.0471578721533612,-1.0,-3.503297081129909
-0.40782527129237245,0.6068301953883528,-0.692057325947683,-1.5175061493513549
1.0,-1.0,1.0,-9.157831029945172
0.13056619047243467,0.01626927251217669,-0.4185588286309849,1.4015828970907305
-0.030070345106419705,1.0,0.2024463507190719,7.329463974703747
-0.5227832054222701,-0.10091947624048014,0.9041821170985711,0.7906375739114009
-1.0,0.27028863900897826,-0.8716245888553611,7.6367022408204805
0.18115811672314108,-0.5522042750391281,-0.4343182953064284,1.2479234268886963
-0.1859857143647008,0.23560344952468282,-0.18533877286768297,0.28656753885029246
0.114566439696562,0.11982107870292258,-1.0,-3.1107784425022897
0.36890134263906016,1.0,0.620227102769872,7.8403543573002725
0.7969408946456531,0.3161439692745198,0.26557873589963377,3.7730730558140406
1.0,0.7775684147960313,0.4056490836759834,10.049601684061301
-0.513686952777435,0.008497679831331206,0.6130704943268932,-0.30110247705000515
-0.8618944825731534,-0.4646797953989379,-0.601340480877018,0.9441973537699975
0.5102921547010466,-0.8116157083041382,0.4164182152268421,0.46321872058518554
-0.25968849687840456,-1.0,1.0,-4.777002231949079
-0.5553872849423787,0.030594862723347438,0.11817278222122507,-0.9076793499086929
0.27713948351607187,-0.9768735946850107,0.2601055343211638,0.7745107410860603
-0.10782514783772701,0.7131730657728781,1.0,6.934237948920043
-0.08955386141412669,-0.9179298078709892,-1.0,-13.103136988192084
0.41474015609451764,1.0,-0.1447552172993276,8.813058424722659
0.421664605248927,-0.25908368618512756,0.2709686570953562,0.9442928018729781
-1.0,-0.6682459987712721,-0.477422527378097,0.7948631799786814
-0.24533920119416863,1.0,0.9540864332426993,12.94047285729973
-0.31972545605288594,0.30324163649525504,-0.13566841842324528,0.18974889725543143
-0.0801622953379344,-0.8395828772964284,-0.12279162908948793,1.6369078541146826
-1.0,1.0,0.7062542261844229,2.0002965605584193
1.0,0.9448737893835968,0.20647470746787056,12.137308828798185
0.9278260466258534,0.4917879798477234,0.4860996629599661,7.8885866709291275
0.3163381610770517,-0.5440200537398663,1.0,-2.8969001029830195
0.7393224052617149,0.21175779657793847,-0.6433460787071912,1.844861808485961
0.29565888298928655,0.7248125888785559,0.039369396116315514,0.7810938126585413
0.23249051468239723,1.0,0.49752788200119813,7.43155434517056
0.674611788974288,-0.07585301455305693,-0.4155442061526622,1.1069590428689489
-0.11876610080223005,-0.7788845869346133,0.1694116944140407,1.270189279242392
0.752882988017461,-0.18484666747811018,1.0,0.2290126409992294
1.0,1.0,-0.09927435623746605,14.36083582976577
0.03674504327884098,-0.30162502688642934,-1.0,-4.629462605103988
-0.9593699646349456,-0.4341443167077268,0.06576763098153826,-0.583788047981475
-0.5310729001365582,0.2279327221508045,1.0,1.6239022685180655
0.9278905889018616,-0.07133940593260979,-0.1846183202738816,3.722064748792114
-0.5460372496237131,-1.0,0.4000209878596821,3.409283519742304
1.0,0.04741336613431191,0.009919471420293702,4.800534745623928
-0.8254856191659934,-1.0,1.0,7.563811642357163
0.36428451915634796,1.0,0.37669281873384564,6.989414557743706
1.0,0.6826855217771342,-0.5432271133393218,6.736221355901213
0.34108140227420924,1.0,0.5603858676639213,7.036244893426633
-1.0,-1.0,0.4974538286333581,12.996702605663652
1.0,-0.5867284786863236,-0.8566585337671702,4.840193082833591
0.3255153804436002,0.8321881827772029,-0.4566515106786877,2.874906827415672
-0.08635792732448389,0.9228060252758346,-0.6098874905033445,4.921027267192004
1.0,-0.0404781657861748,-0.4423440967160206,5.753605077243693
1.0,-0.9713226511497528,0.22342900859076487,-6.304616780688212
0.3543076170405892,1.0,-1.0,6.453531148658035
1.0,0.0009722732442929427,-0.06631281276832235,4.753943878496358
0.9375112800710457,-1.0,0.19064743290491082,-6.4507166084345124
-0.3277707161210208,0.8852578799398192,0.18038940074782217,2.2244231525790408
-1.0,-0.30672425441278905,-0.15669678908273577,-2.6190592131788826
0.6389836197748362,-1.0,0.5276257934104913,-1.1384193540463121
0.7660988375677342,0.08087633160786534,0.26978743627957735,3.1050602446179223
1.0,0.5593845595602154,0.47592474779293714,9.567543589946833
-0.7531759950259429,-0.8317895152778092,-1.0,-1.9104792538559376
-0.155588829567749,1.0,-0.1903290101666053,8.371683385628273
-0.7405691588345036,0.9587091346513255,-0.05129517277064877,2.1483198084709625
-0.2336395604094066,1.0,0.49619598471904935,7.715615072647794
-0.4491245196134208,1.0,0.16335112029837284,6.242015948283848
0.6433044712272955,1.0,-0.14801729132902608,9.046317446692724
0.023073520330448405,0.931237510041798,-1.0,-0.2740018944264466
-0.5872033025428358,0.45939299740165795,-0.40298390662035866,-1.7866446589136624
1.0,-0.6624930096667154,0.3005515470191036,2.893771052643245
-0.37899397255572587,0.10824587008110553,-1.0,-1.93572542896929
-0.10767248920354389,-0.0848149281630246,-0.7350607053924385,0.3331550511561962
-0.23737439645129488,-0.768777166354395,-1.0,-8.454744856775266
0.8697837756590847,-1.0,0.5539701290532915,-4.059924891349418
0.49716779593071436,0.17307451063384693,0.2435671084928499,1.292385889129339
-0.07170797610490087,0.2166892362052384,-0.5537248565042654,0.9012187812168164
-0.9202758588765529,-0.19773463717324025,-0.19831890124160245,-1.3968655181493508
-0.15763025721345758,-0.7411123014827972,1.0,-1.6497873361154407
-0.3140285576901398,-0.6231523525517415,-0.30853084971539246,1.8765829324049759
0.26307925383967734,0.21694341291471253,0.1038229467811076,1.6300461320555948
1.0,-0.00998453917566211,-0.6455544051642945,5.826181917064666
-0.2764083227942693,0.3490720870514268,-1.0,-3.3563827946573728
1.0,-1.0,-0.051365406366546074,-7.6965304511283
0.48827287154681853,0.08764895161448805,-0.08908113664573714,1.5670840076695114
0.6964045515741855,-1.0,-1.0,-25.702524652522367
0.3115805483678544,0.8240008013033342,0.20184405124279725,2.544393653909984
0.9050248739095725,-0.9597937071015528,-1.0,-23.036089103052635
0.46352933571339316,0.7108738050604577,1.0,5.75550201178084
-0.6438133446214305,0.00890409006590076,-0.38420614618880955,-0.2863246520608889
1.0,-0.4114489960232739,-0.4459281209952366,4.284517814946532
-0.8351281648344491,0.4777576389399205,0.3265194790940673,-3.1488944939091343
-0.9821135467069522,1.0,0.11229467394953518,5.614453529620562
-1.0,-0.14102374339173496,1.0,5.382747318071501
1.0,-0.509282539551051,0.9316217834865126,5.699548044576172
0.4696982986170184,-1.0,-0.013291582572188654,0.29438278928179357
1.0,1.0,0.7115053195618766,16.21695669297823
-1.0,-0.06538457134325171,-0.246327929677977,-2.9177501036991007
-0.7331207279606788,0.1284726655921138,-0.1816015709561849,-1.673396438192628
-0.46663780349938944,0.17485521987776154,1.0,1.9543089222143122
-0.30032680879393303,-0.3225908060286191,-0.14378949152683562,1.1236877985765072
0.6197873697978662,-0.49804647407996994,-1.0,-6.29341998874821
-0.40709700656214554,1.0,0.9519046872699732,13.857140762499197
-0.4741362502492261,-1.0,-0.17278877637639023,4.078086998057608
1.0,-0.9641515637744014,1.0,-7.945090044131088
1.0,0.9225879107220873,-0.2347675808911609,12.080168084764859
-0.5602679259675618,0.35438815309773486,0.4484675181461415,-1.9179591803032345
0.2826651789354544,-0.33628876313830425,0.26455000510362714,1.0507884132528225
-0.7025202902250223,-0.07291229425335599,0.2940169306171707,-1.6988874077731702
0.6099219449688598,-0.19068090400959758,-0.4829158606802151,1.8397066406879252
-0.44827248088620175,-0.32242672238697634,-0.7751557941520288,0.08696455139446535
0.20925908566545637,0.12102689325230509,0.5613894069837566,1.2903766824314316
-0.7855354557377154,-1.0,0.05245541983864466,6.705481936125664
1.0,-0.36569489880977724,-0.2263557325880865,3.403634813226535
-0.6020458659175827,0.19684547617014236,0.0880165751305575,-1.1846839626709285
0.6904146750529054,-0.14914486606621402,1.0,-0.43190554406958953
0.03192801073248552,-0.9098333756130292,0.381944544780481,1.001843562263453
0.7919768383965224,-0.2599475386737562,-0.5705654283910178,2.58687093250247
-0.46025317210224403,-0.2517179669175529,0.676503644918514,0.5640321042760029
0.058349097164464014,-0.3305432054429731,-0.37250582400013443,1.5704585340426649
-0.06933681108631817,1.0,0.17985762902254487,6.768350538459357
0.24019818141958882,-0.19453563854852396,-1.0,-3.947123821532496
1.0,0.05381772333675272,0.9589414193619781,13.041703635553523
1.0,-1.0,0.2355156571334709,-7.001594976590326
-0.8444657634444763,-0.8941840440139392,-0.7413983347476492,2.1847216214541922
-1.0,-0.5020681360424599,-1.0,5.115066419790553
0.19848555553953884,-0.1041569168424068,0.7593962432565562,-0.34722737919657176
0.0904368815460288,0.4441141806511144,-1.0,-2.8187182622698606
1.0,0.747093071367656,0.32588489681365096,10.521608484792251
0.5135669986159277,0.4256026517601206,-0.03295437031880022,1.15599176516908
-0.21825304302990878,-1.0,0.9458231312825445,-4.15505693497912
-0.9583577270871879,0.5812721004178709,0.2916107356200983,-4.10392305721308
0.8657441410767885,-0.9302887105191728,1.0,-5.706596580171609
-0.9602013403196512,1.0,-0.5415225251222566,9.809916008564848
1.0,-0.03555930107748284,-0.2109896163324354,4.449005892992233
0.16535005296237815,-0.8442299469546548,-1.0,-11.889145423382166
-0.7150183769836236,-1.0,-0.20941245321702895,5.003959969606047
-0.560626783560892,-0.001418263775697648,1.0,1.4819651041400648
0.2855844040906257,0.7399920017657116,0.7142045492280591,2.4324796819668295
0.020669947400835165,-0.6635215721007592,-0.42848423014292303,1.3105138898442692
-0.1316365450253476,-0.623888622426177,-0.03038855394608775,1.0218871482714613
-0.2614205799641778,-0.3671873970242088,-0.44684914235072615,0.5683977435628245
-1.0,-0.49314072585476576,-0.4329249383237075,-0.03297892499529487
-0.6191451348451935,-0.5433353456005667,0.5532100767914556,1.34293371633264
-0.6422920300059136,-0.3166773050331173,-1.0,0.09902623783456377
-1.0,0.04296138736826216,1.0,2.9717486474336727
-1.0,0.08118631413687183,-0.759416134982849,3.3935487890813456
-0.8848036061407092,0.0713028421564268,0.2502231353288349,-3.1274932181912836
1.0,-0.23765404309920202,0.4488407464657156,5.588734906779913
-1.0,-0.0070658143202535495,-0.24958584949723317,-4.2941213382547
1.0,-0.14458296830789075,1.0,10.252087616860768
0.5235158137912839,0.7672042889494515,0.2807446379635161,2.094426538552584
-0.4146998525156842,-0.44716601888554774,0.47073378893819084,0.3753987343658812
0.36055658692174064,0.24717077237926843,-1.0,-2.6795051054857564
0.9823564790840038,-0.8606893810890821,0.2277636249650914,-1.103655104678172
0.04839191872042692,0.7908153224009866,-0.7341429883626203,1.2807919075658836
0.28078150166482296,-1.0,-0.9254022971927203,-13.996692229693267
-0.10082970952907755,-0.5930702007185884,1.0,-0.7693572453090778
-0.8704418829822627,0.6256720130240689,0.6642958975692737,-2.825193757126111
-0.7178398434616144,0.9555999722785424,-1.0,0.08895912306319465
0.23490989973970255,0.659585638028483,1.0,5.783561308473818
-0.17767494893895552,-0.7068811294154693,-0.35285015584432955,1.0487106556252563
-0.13396622514689005,0.09916438964770435,-0.5847572165562491,0.1970602344183491
-0.10497760210795293,-0.716895342044894,-0.45035036556382657,1.2802710155903594
-1.0,-0.23806131429910748,1.0,5.410815565477934
-0.944681605958047,-1.0,0.06343658503435523,7.599402102949816
0.4305143379630898,-1.0,-0.8636337243947936,-12.060768658473961
0.7101828667522101,-0.2702603778824093,-1.0,-3.5302688186108697
-1.0,-0.043558066976901344,-1.0,10.665652712383274
1.0,0.24365895526401404,-0.7147965578670041,6.549233644409819
-1.0,-1.0,1.0,20.849070207673797
0.45381309308599804,0.8912871015541974,-0.5926425516749252,5.72800956745301
1.0,0.41417795102172406,0.2351127050872699,6.697107965624821
0.8548235261425041,0.48480563143227906,-0.2153978234820486,3.148626833369853
-0.6722590008584133,-1.0,0.6260873671048826,4.387794603887023
1.0,0.35467363603965674,-0.034652612857497544,4.780459778339512
0.039262517712647105,0.09112690474681995,0.03858571892688545,0.4647805791292589
-1.0,0.6707041004785432,1.0,7.739552224781584
-0.09460160455888333,-0.9849751327271077,-0.2170854180771673,2.6773204082131765
-0.14870960596576888,0.32365407242525146,-0.28917538482399907,0.4768221409955779
-0.5256704132193002,1.0,0.42842362805029754,5.121429639845315
1.0,-0.5882608702189909,-0.7003910855164688,5.537461019527754
0.17428590881441552,-0.3844445032217343,-0.006983384455967689,1.3110789147870243
0.6752703275395826,0.7580263294746947,1.0,9.454606185313304
-0.40219173730854707,0.1387517364674864,-1.0,-1.6238804020647746
-1.0,-0.06512566405169773,-0.22855772954374998,-3.568472285455208
0.42334311537417024,-0.4726204423923319,-0.5364884999249944,1.5346304287380663
1.0,-0.23280440529750246,-1.0,5.9080937530937
-0.1697530009076076,1.0,0.15295041316317737,7.404875399528028
-0.5668219385165978,-0.1518995075838443,-0.15708649931896668,-0.050015087840156326
0.585335502382845,-0.4449968854775106,0.09571565709219731,1.2719953229026308
-0.6951991924775849,0.2883074620625221,-1.0,1.8863661357121875
-0.6965469651648806,-0.6960560637699278,0.2371221025990442,2.502741106751231
-0.5037684871124934,0.8882885331175208,-0.016835563501923057,0.9413464889784272
-0.04426757231321066,-1.0,-1.0,-17.11551868174813
-0.021968248619106623,-0.44840328689656817,-0.8701016693249546,-1.7706763836971333
0.6869851466495918,0.09156292495856944,-1.0,-0.5028468367433099
-1.0,-0.6362818528380649,0.26045134343868304,0.7021292089018575
-0.2859902468190676,-0.14343165603841768,-1.0,-2.988730681205038
1.0,0.514005501560564,-0.4954684161699452,5.867598613686854
-0.36003642041810613,0.4931453232947407,1.0,3.982659055013942
1.0,0.44660248224483157,-0.0020912272094373296,6.838000051234809
-0.44136689058162815,-0.4999311343589825,0.8095447405712857,0.9961796168667083
-0.6099845484501343,-1.0,0.83296643020025,1.6934392338438122
0.4980831031876465,0.3922144235560181,-0.4540640556274145,0.6761300319128776
0.7296214495065063,-0.40239445921922723,-0.8571120030360451,0.9968528462173468
0.5543516594342655,0.2602956033392658,0.9796905180266564,1.133152048858364
-0.06914822379960661,-1.0,-0.34283581891893533,1.4288644343108312
0.2486863521326883,-0.4623812802800249,1.0,-2.257873575675353
-1.0,0.8925583025590875,-0.17622475832471096,5.284519420252518
-1.0,0.5197785272045992,0.6095600832570942,-4.8296604697720396
0.21088760002307816,0.039140113183427916,0.42352795404006494,0.700348672825414
-0.6642826931413515,-0.07760401471079681,-0.6033743836447487,-0.19252207226138007
-0.10117475533335285,1.0,0.1200465994014186,7.492600837710135
0.7811375667416971,-0.8548184702273125,-0.08292218297812859,0.2745517580418727
-0.7820586036635289,-0.43365812253378855,-0.445440518360817,0.8025018123520571
-0.8259337406059897,-0.4480683891223438,1.0,4.775208607704441
-0.08313297386697038,1.0,-0.31238982817445593,9.465136447832379
-0.6686624588262855,-0.10001990157324459,-0.5264473942247443,0.4201034752378308
0.85054029772232,0.4800581709046099,-0.657205763492186,3.296971732235293
-1.0,0.13455560621266338,-0.09425938621420427,-3.819793165517823
-0.39232264049849275,0.3135656459446112,-0.2820236960177427,0.46082382281825496
0.8941877377544172,0.004212186664667383,-0.025552025351496477,3.4141930362264103
0.6887761797798959,0.2696145245652266,-0.6841089731157171,1.8684454018559493
-1.0,0.8267660308966567,-0.4461815032052565,5.094947577652823
0.6277018570070796,-1.0,0.6532468492947676,-1.2969555889340616
-1.0,1.0,0.5324202341106572,1.289858294584507
0.49226139187771945,-0.03149116023790777,-0.8534359021025388,0.3659731262587955
0.26976854004528916,0.03821610550649801,-0.04240887647999303,0.9876593527346422
0.6697044394229421,1.0,0.5706985769507462,7.759970805191097
0.07862520234020631,-1.0,0.17520474312728385,1.6307299965797821
0.4809847095410136,0.78264959672973,-1.0,-2.480139462643441
0.5978580345380933,-1.0,-0.05158589220854193,-0.49965092541827427
1.0,0.682750143330729,0.27360322057075215,8.614527596706496
0.04883475590188602,0.4715783851508786,-1.0,-4.029270051682853
0.18440068264241094,-0.5538782382321574,-0.10505279876101947,1.7808349237948384
-0.0942187308276774,0.3636626266073393,0.5581192003641313,1.021497030123773
0.5100759045362111,0.7432631993415484,0.5802931910203974,3.78802851411847
-0.716694340186695,-1.0,-1.0,-6.53823885321877
-0.06830777321683001,0.04253858163930069,-0.648506252065733,0.3555853481545266
0.25754320572167466,-0.5826104509259018,-0.5107236728667497,1.2415015998210435
1.0,0.5839256546712679,-0.6329351240699257,6.742574749593069
1.0,-0.5957827455990614,-0.0037320007062224825,2.321103097555127
-1.0,0.4232092471654547,-0.39091908946388076,-0.320423057081487
0.6740446183091711,-0.6381602129812651,-1.0,-8.704852861522365
0.24138507714421809,-0.5381265511008384,-0.0071626181193162886,0.8020780184898715
0.364283659709723,1.0,-0.8393825149844956,10.267989548865199
0.20263996566045894,-0.23335767708696054,0.20522334093258987,1.356909527105
-0.1573172757277983,0.4518288126015866,0.6535337677596229,-0.3001234689722483
1.0,-0.046232614747181655,0.042509482964140144,4.266172635995032
0.26878116298434107,1.0,0.003452591935847016,7.761098257171252
0.49532585517143457,-0.5767647393934972,1.0,-3.5638376862343546
-0.3693243740037,0.7627298396293349,-1.0,-4.924151093250405
1.0,-1.0,1.0,-9.354178822876623
-0.5569685687117512,0.034955832730807046,-0.2843139014351821,-0.37533045001202103
0.05488402826714012,-0.6019742106274224,-0.5946815475986948,0.5874981397811714
0.9159807643477769,-0.40860986144969624,-0.18755399678874674,2.0442620749603626
-0.15848776122153452,0.34168970102322427,-0.23056036750598063,0.12921891852981077
-0.9239137741874357,-0.20434132400003202,-0.7760442457354872,1.4293276157480992
0.07196645744111341,0.7209234397507942,0.8201125110111223,3.3009635936425603
1.0,1.0,0.6330262382026604,16.13147281086827
-1.0,0.5729034194064262,-0.35499584641342286,-0.49576784436360594
-0.04142663210599418,0.17220414851784915,1.0,1.4062367119656622
0.20898320169056328,-1.0,0.8180719893152659,-3.2234821780098595
0.5691079669571799,0.22086054108664244,-1.0,-2.7859207146460214
0.6501238286540658,-0.031850353521003516,-0.9575191163225105,-0.842254064489371
-1.0,0.6454997648078711,0.512656416761246,-3.450674214461449
1.0,-1.0,0.5382077311373485,-6.7085071255786595
1.0,-0.6099619387347761,-0.46156257032879133,3.947257075220891
-0.1478640860161613,1.0,-0.5543135425912704,9.756229914475238
0.2677102779726026,1.0,-1.0,5.240424746973098
0.3523301966102359,0.9149533109720396,1.0,8.689074535820064
0.13080375474332273,-0.1508859562084539,-1.0,-3.370283459176519
-1.0,0.9098207369663396,1.0,14.49007139510636
-0.31919156510803237,-0.9103898587475818,0.9265520286876143,-2.2689669990664885
0.5327418171463885,0.4612598877794829,-0.2672148747733616,1.6563852617012806
0.22976882747578742,0.29596475934139943,1.0,1.5805451821015821
0.45064911482476755,-1.0,-0.17404217629341434,1.016636279183646
-0.1583728740158541,-0.8131817171992188,-0.11480343262637072,1.829966785383454
0.5790858878821852,0.21297117827779966,0.7294646662904996,1.7086041972105876
0.8662793480120081,0.637266349603232,0.03618820154729718,3.984452846784731
-0.34915502334562665,-0.9334656744799485,-1.0,-11.33461850950584
-0.6460104002425247,0.282115798974367,-1.0,1.439208960029158
0.5132898416212326,-0.06573080410735099,-0.15481085662844607,1.962219147374824
1.0,0.2177605580630564,0.07846880135383305,5.1138871604358656
-0.7332861048435722,-0.6491283006319084,-0.18183334366623227,2.2061462029847134
1.0,1.0,-0.5717678752098656,22.16287370216205
-1.0,-0.8033656321589495,-1.0,5.001850787257467
-0.9627325178278283,-0.08546447793364798,1.0,3.424620434241696
-0.2616052794061172,0.12589317774420405,0.04529310515218121,-0.2609087694158593
-0.8992066814324335,-0.05129299948690291,0.6547920483681096,-2.3724114821000306
-0.577589127382476,0.10168769061543248,-0.2262944289787907,-1.0933515074399853
0.10410005066369132,0.04847015518738873,-0.5879141878246812,0.39170941301517415
-0.18271276272164383,1.0,0.3891060081118365,7.1955266779342715
0.08171575709479995,0.04688131765715409,1.0,-0.1914870442585751
0.08756082312862756,0.7759053243906029,-0.9999485672192223,-3.6369605746379166
-1.0,-0.12266907697303742,-0.6088657009560785,-1.3811287940273984
-0.3495984712243687,-0.32688836886342054,1.0,0.33240624965171706
-1.0,1.0,0.21422253443168482,4.885867863982986
1.0,-0.5795270294780408,0.10482261196308462,3.411585204309921
0.325028074517447,-0.48135781917506315,-1.0,-5.735399258154745
0.31280384588806776,-1.0,-0.136286608023646,1.5838722300163521
0.05323309162827394,0.7168560308453145,-0.03307322134885382,1.7311154693692878
0.023644290540604462,-0.41434004325255325,0.8486676296519382,-0.3154493913299551
-0.5310374019876227,1.0,-1.0,0.32838917267140194
0.970914419093583,-1.0,0.21131090479017356,-6.760798990943264
-0.49776295172510476,-1.0,0.238033831320551,3.5069895405867757
0.8787044675768685,-1.0,0.42325184485278844,-3.7237482405130287
1.0,-0.22845436018968757,-0.11903252411256249,3.9443838902022432
-0.9298749526929084,-0.12362307855770438,-0.9840835059325663,7.1789420291412345
0.5633027977876801,0.8124451437118427,1.0,7.935217453767998
-0.05368473200610446,1.0,-0.5899767364814534,9.351639593047302
-1.0,0.12675532331904105,0.19156253248404087,-4.682107259627748
-1.0,0.5149179309359335,1.0,4.972292406044239
1.0,-0.48819756113057977,-0.3584724042414149,4.466636047144883
0.49365124803977634,-0.4538792529419353,-0.818844484243126,-0.6433250422392763
0.33778527693028826,-0.9842250588258685,-1.0,-18.705371196183744
-0.09635116220097917,-0.521615060865642,0.06446932327875743,1.2026037582464522
0.29509494324931484,-1.0,-0.4192690781333974,-0.25910509506284884
1.0,-0.2639657259558821,0.1056291137491645,4.0814324857729565
-0.5856459333292701,-0.40832265190023476,1.0,2.0896794643482433
1.0,-0.13716271411899772,-1.0,6.4171629672532795
-1.0,0.08098434846275793,1.0,3.4387939921324318
0.9215822478111249,-0.843340731273162,-1.0,-13.313768765307822
0.7280367637017751,-0.9681225165873744,0.26817828983470315,-1.8111438653199867
-0.10893847371189747,0.3782656156102331,-0.6223257300072216,0.12663060761764144
0.21915394815331068,0.4491759508117583,0.8109864207731294,0.7148866645088594
0.442270740405855,0.48451808486969683,-1.0,-3.7557626569398437
0.7156580487775777,0.06462559204977048,1.0,2.38103083647201
-0.4130827044845351,-0.9695222315121756,0.3930639264503395,3.189026252763905
1.0,0.8757152422076011,0.864485833745126,19.654608718205242
-0.7664905541329621,-1.0,0.2315006746624395,6.957030346479122
-0.3992388217603706,-1.0,-0.1152342268185722,2.534455485155595
0.9922399914340039,-0.24328085281341227,1.0,8.040073525504377
1.0,1.0,-0.9559085789692436,36.470687300148676
-0.14103440382684895,-0.36576854371028156,-0.03176230592909124,1.1217762747599682
-1.0,-0.5699062638770247,1.0,10.552856425207702
1.0,0.47348310449302033,0.45818448481342067,8.962581496907067
-0.7413523721271702,-1.0,0.4281433512139172,6.085349057604568
0.14582589691509007,0.24790166569261696,0.8507779282161385,0.6855214629373962
-0.5553080067479481,-0.09442496904314956,1.0,1.1590980284658832
-0.14259053603979366,-1.0,0.590704309401582,0.6818150338067688
0.7695157461649802,0.505531287190971,1.0,8.552227511093765
0.7040618016334201,-0.10913547252641531,-0.21377477252473254,1.7904766341136398
0.05076664984814938,0.466800949673323,1.0,2.612725629088589
-0.7165857687681865,-0.4365794743739908,0.06598242738983462,0.4701962158791608
-1.0,-0.06810236945440584,-0.49779743763257556,-1.9211909498225999
0.6309655254669633,-0.09432573910649222,-1.0,-2.3207457309584463
-0.12598642366404245,-0.9815629707547233,-1.0,-15.909039505871215
-0.38889608195038927,-0.8712583089098977,-0.1642562475383036,3.4733753439032995
-1.0,1.0,0.12207338583676974,6.14831506279419
-0.6249654464843057,0.17309881001227723,-1.0,0.6340464838565848
-0.8691679326009261,-0.3626761595537391,-1.0,4.712169635704228
-0.6587132998026517,-1.0,1.0,0.15696085682190064
1.0,-0.9044069874325589,1.0,-4.363462004789476
-1.0,-0.2857360025329312,0.04877398822012369,-3.0703056396740878
0.2308902875028318,0.2415931959352875,-1.0,-3.027142993633682
0.36625134453477015,-0.9269786592630951,0.11633228592286282,1.3398072637913898
-0.7872059968230158,0.08367963207254725,-0.45295366151762195,-0.35211689550807324
-0.36693675578746254,-0.03496448080040038,0.36229853201275075,0.20422281698375075
-0.9310452914983098,-1.0,1.0,15.165352452019105
-0.9398183578517958,-0.6844950425874095,0.45806207342650374,3.176752408821447
-0.25560450940390433,-0.5056768494884949,0.3368477604988671,0.1823131559495515
0.9837070563015875,0.9619888439999575,0.05608905523457586,12.132059743474787
0.9241866760140147,-0.4969259218612112,0.6595292738304639,3.9682503445419965
-0.583909544846626,-1.0,0.5855996775071302,3.3103387353005282
0.04328613718551555,0.49331065325843393,-0.7494957072455646,-0.2054894321712998
0.08500434647923982,0.9750227466964021,0.06663429195546389,7.509382028063587
-0.4627576125352726,0.9171201763300678,-1.0,-2.34978617666769
-0.0008858773270110643,1.0,-0.5587778050385586,10.415321091025527
-0.2781644199786242,-0.3066681858244049,0.8373975514313075,-0.2796039878956258
0.13972465141094093,-0.43179189334005463,-1.0,-4.697737458049511
-0.7418344350021242,0.04047499453613845,1.0,2.227995533308958
-1.0,-0.036253774942282435,-1.0,10.500774088298677
-0.2534679799578492,-0.3509796702935932,-0.11540396528905328,-0.03697052398813239
0.9143861317666873,-0.5800509187689664,1.0,1.3341511152618555
0.7806000371126764,-0.6535669130449258,0.4720441410890679,1.1352991740334601
-1.0,0.35688127452754026,-1.0,15.955993001011082
-0.7263596837177198,-0.09769914195395102,0.2732130813457734,-1.1926616875474243
-0.40399141216964196,-1.0,0.24298660837018216,2.823461309976978
0.8708256950610946,-0.012889622212341356,0.530490831850474,3.41865585457375
0.5669249515891837,0.8047672593565562,-0.03958937682543184,2.700337325548174
0.5056694687050711,1.0,0.260237681222689,6.837169845008263
-0.20614248311225292,0.3386378943198938,-0.14425491869657203,0.26055866643911374
1.0,0.8552690051065845,0.1545093272100313,10.407621431958992
0.8501374308712912,-0.7893242250906969,-0.08610623172616094,-0.3905771050325414
-0.7091338754944572,-0.3650875003954208,-0.4865169716373543,0.5578132834949803
0.25012070517284024,0.22946228258389056,0.0017529801777333986,0.4942438752403723
1.0,1.0,0.8856172040199137,22.022213435999454
0.15753921265641746,-1.0,-0.23383971853013552,1.977792786308053
0.8746438302776822,-0.8108467840895126,-0.06159291341794071,-0.18295491176218176
-0.7350060217282752,-0.6532952712080988,0.3889937178914191,2.64181365810155
-0.2785114666050674,0.29368040592566547,-0.24061514980250887,-0.6452038031652526
-0.005512406115216306,0.1772320104121916,1.0,0.8420717762728632
-0.7249191105738142,-0.9252147829163413,0.4717135679095108,4.724736884121637
0.06988988383894079,-0.3542470705777552,-0.008213047217051406,1.135747011756897
-0.2375218450263623,-0.5425587377176584,0.9968114420989971,-0.7389000378816704
0.4579481431943224,0.36820928212731574,-0.507737726083179,0.3790551492267269
0.1899075746252823,-1.0,1.0,-7.558611812311007
1.0,1.0,-0.13746437549906165,16.596730142141435
0.054067671955171814,-0.5981644651709568,-0.8705841844074058,-2.6802170820140923
-1.0,0.5245737259891601,-0.7103501080990122,4.652531948364478
-0.7706912289093828,0.4331286686182665,-0.04458305044449906,-2.8010820563653356
-0.2828351630288295,-0.09739406305341713,1.0,0.29044005368677034
1.0,-0.3512483777278719,-0.4570108454154693,5.264126806835781
0.24143386493461216,1.0,-1.0,5.001067539772447
0.9184618895266103,1.0,0.06768842102790806,10.812586207544104
0.6177290461394738,-0.6375742708149201,-0.3454294664448312,0.7830966770319323
-1.0,0.10166648756014052,1.0,3.3668984950606333
0.5596041141506856,0.8571947035795633,-0.23215018473666982,3.4722891246268563
-0.23910414926021706,-0.7464015402624986,-0.5915426080433726,-0.19927817009616355
1.0,-0.4995825278652348,0.4406659318023489,5.185099602945784
-0.9385523182268187,1.0,1.0,16.386477497884776
-0.9460392683412415,0.28370664486012176,0.9159878377297448,0.5548623153180494
0.5936213397939836,1.0,1.0,10.455938096801415
-0.24058943467884775,-0.3523323904994229,-0.8000266099015454,-0.008915466511091708
-1.0,1.0,0.8135338324974697,3.2345597820037275
1.0,-0.27584397396220917,0.6072150704532344,6.328199571525511
0.08620597572053379,0.1283794222239092,-1.0,-2.8932367063137914
-1.0,-0.6976851603569545,0.9523180447264095,13.00516017820584
1.0,0.014125992244460761,-1.0,8.438290712152467
-0.03851320388549251,0.6265209867441606,0.435980665594931,-0.04807551520461961
-0.14745731985927057,0.33415487055382864,1.0,1.8598740007023062
-0.002200319082398927,-0.12631424765704957,0.20996299474581437,0.7976320487196078
0.06264156462724868,0.5066926222899775,0.2583859459365425,0.7907150543883421
0.8591622319206376,0.48501403994743386,-1.0,3.4366788312315064
0.8568420308050924,-1.0,1.0,-8.066244276537915
0.10070468441363833,-0.7513780240847283,1.0,-3.062069853754523
-0.2414299034713807,0.10821855421810378,0.04007376745819058,-0.217664475919126
0.3863454904895496,1.0,-1.0,6.374981104905414
-0.08308626943220676,-0.2544576905123752,1.0,-0.22327715841702622
1.0,0.8807978635757812,-0.5056202089898374,12.962204066448429
-1.0,0.6651708616431595,-0.4072332832724552,1.7274367529485395
-0.4307821974910786,0.09364571023861257,1.0,1.6600062707041232
0.6622094708957624,1.0,-0.8516492837392036,13.245210205091434
-1.0,0.7603371831705226,1.0,10.740721007652674
0.49045722800579084,-0.15089845520983114,0.372213066339921,1.6329749547713168
0.6619889098997338,-0.1850439308941918,1.0,-1.2627923217273413
1.0,-0.9378626545262343,-0.17428531777940792,-4.352576420878205
-1.0,0.365576017644734,0.0804085480658201,-4.436925770257273
-0.3605262456662923,-0.1446725132601634,-0.9344810761095301,-1.562694564188203
0.7971297536867656,-0.08560781101226778,-0.008351682148826978,2.44767139674311
-0.46034867137616153,0.6857856319966269,0.03463263420838136,-1.0535144266683796
0.15971939531155877,0.3979524256467446,-0.5301258167007952,0.6384568742563163
-0.8597254908022505,1.0,0.7344347120846035,3.8708968618403476
-1.0,0.7818681013821847,-0.48538864063194964,4.985231886802984
0.619238624271371,0.0007080422346548154,-0.6703907900157178,1.2117157376948668
0.18175660220490797,-0.06633197081187592,0.7766169408406254,0.08490933212457435
0.021914051084920727,-0.7883270556381299,0.6476196623823798,-0.8281360650850154
0.011535362800802362,0.08010714395486596,0.9387749034807473,-0.5943451458834164
-1.0,0.16579928177001557,0.7690013668058937,-2.604024065610215
0.39386395149392905,0.5021469384517003,-0.0037992915581464004,0.8658920860718875
-1.0,1.0,0.001374013286103315,7.544983027966571
0.7226966639852004,-0.18175911103803677,-0.7881069255186366,1.5238925941992227
0.7864672539910527,0.31385155971174594,-0.6723931109238868,1.3884365498382691
-0.5354394468667856,0.7563480286878583,0.8409773435337082,3.4678482644125666
-0.08351720409486862,-0.3511180400785725,0.5768529288042801,0.8287295020894977
-0.4653612239989906,-1.0,-0.3312227788357509,3.080163691491448
0.3749576355459714,0.1045688697287408,1.0,0.5335315013136304
-0.5781406332350316,-0.65083244414715,-0.287780345595134,1.8919268760196712
-0.23395031072642714,-0.6929377995414701,1.0,-1.3530103019076307
1.0,-1.0,0.4194297357611987,-6.480802437650798
0.5045204901117106,0.21004779887565972,-0.34268985198121027,1.1309838193953448
0.23233764911076982,0.5844580962319437,0.23794546635956304,1.1112749650221398
0.37788826513382134,1.0,-1.0,6.969416601173601
0.6432506252567127,1.0,0.183888178026947,7.491972562804264
-0.1846693340594916,0.3177389732266356,-0.30984225026216006,-0.3432084928956986
1.0,-1.0,0.6773435894492861,-6.140892226414514
-0.6540881576659974,-0.7902681327475356,-0.07707074373733858,2.7253957067199868
1.0,-1.0,-0.5681142371821959,-11.827017860421002
-1.0,-1.0,-0.33317154735797794,6.065775027499944
0.12428482565518162,1.0,0.17973873394286577,7.19169260902576
-0.47142355506320555,0.0718826321259658,-0.33396254618524157,-1.529382947953071
-0.43533258237385564,-0.4037206821119472,-1.0,-2.8902315420505884
0.09508617544766507,1.0,0.26824895650133507,7.12562996557992
-0.17332587572178193,0.5316616618021983,-1.0,-3.807878231015768
-0.8435050941193809,-0.06655649602861091,0.8121250418739356,-0.006093899364648436
-0.28923057387111517,-0.04565449249479747,0.7268068899625901,-0.38224612886252973
0.5074081035480327,-0.047530994419349826,-1.0,-1.5499522912757813
0.4175028223305943,1.0,-0.5694345543314063,10.813489096116381
-1.0,0.8173838572304872,1.0,11.604672259401962
0.4437977959723425,0.9299979930256366,1.0,8.211830106884516
0.33601451784546454,0.343444855068324,-1.0,-2.5151866389185717
0.8513431645992533,-0.465439292924136,0.6541757432742155,2.7091831184909445
-0.5481692210883049,-0.16683213716587653,0.7625011037150227,-0.23510776506085904
-0.47596247485477217,0.13000994601476812,-0.9681597750111199,-0.8238271247307092
-0.26956394208813705,1.0,1.0,15.24189344613874
-0.042549132137095436,-0.5847369763185917,0.02612250100003677,0.8289422126113618
