term,standardised_coef,feature_mean,feature_scale
x1 x5,-1.4311318756581235,-0.03542954963107711,0.5358287944483714
x2^3 x3,-1.0587921758328944,0.16979120297144468,0.40692679176312385
(intercept),1.0165323553187624,,
x3 x6,-0.9241658580707639,0.02660407495395098,0.5053683499269116
x3^3 x6^2,-0.7202492128792007,-0.0013350872581407418,0.3986819387064968
x2 x4 x6,-0.646281537589096,-0.018144063282617442,0.3698292347940131
x6^4,0.5747476452175346,0.40967533761335106,0.43444561139719634
x6^2,0.5620755214622011,0.4979004918800126,0.4022069589141801
x2^2 x4^2 x5,-0.5305976420906054,-0.020144681610780327,0.31958038071646383
x1 x3^2 x6^2,-0.4792325285299552,0.006436501061753033,0.31471051037331
x2 x6,0.47756017019370883,-0.017337592180660368,0.5156034246820571
x5^2 x6^3,0.3976675961950569,-0.03001937675013511,0.4034639226584528
x3^2 x4^2,-0.3976077911085349,0.2541770117886986,0.3335975800419451
x4^2 x5^2,0.3974901983015662,0.26772267963321916,0.3374424986508389
x1 x2^2 x4^2,0.3926181592292505,-0.001977409946097269,0.3367795385293682
x1^2 x3^2 x5,-0.37420948402850096,-0.017796112705769945,0.3271721677660946
x1 x5 x6^2,-0.3634315762488737,-0.027180358565663833,0.3365237047639246
x1 x3 x6^2,0.3099748616510955,0.1181973247757532,0.32402125355397315
x3^2 x5^2,-0.2828129757497525,0.25840585637115077,0.33339642687137794
x1^4 x6,-0.2588926500350116,-0.02134226724310863,0.4460769818721047
x1 x3^2 x5^2,0.21863003160371655,0.013287445269163265,0.3251359044310709
x4 x5 x6^3,0.2057991112672985,-0.007119140096044658,0.31604255298258943
x2^2 x5^2,0.20424981498931652,0.2770421519208009,0.34237192848346926
x1 x6^2,0.18962514280273488,0.009690264685942489,0.4682301070150882
x1^2 x6,-0.17129512999481747,-0.02792906497814069,0.4726901882618207
x2 x5^3,0.16281160259366803,-0.0159901728609381,0.46551918030353
x1 x2 x3^2,-0.1499821344774776,0.14625557532572955,0.3220607269323575
x3 x6^4,-0.1497612572775523,-0.007002734052726933,0.4306481142577609
x2 x3^2 x4 x5,-0.14081191958970693,-0.011472516524920953,0.25744290295254724
x4^3 x5^2,-0.13020877666268907,-0.002169095478113265,0.410719565177129
x1 x2 x3^3,0.12343305868331718,-0.0007880139688033412,0.3402814931150479
x1 x4^2 x5^2,-0.10147604339581533,0.012497276848138448,0.33755476850469496
x2 x4^2 x5^2,-0.10138589754315463,-0.004506801967219248,0.32355245235825525
x2^3 x4 x5,-0.09738560740514035,-0.02170601176927443,0.3323846654597949
x1 x2 x3 x5,0.09650344847068722,-0.009677273939972801,0.28991933627595273
x1 x3^4,0.09485618563893095,0.011695495480548447,0.45066390121878064
x2^2 x4 x5^2,-0.09355356074797398,0.007516607775129133,0.3223868198801736
x1,0.08963219925576957,0.009714205753797346,0.7310357076147606
x1 x3^2 x4^2,0.08465794419153004,0.006432303019593711,0.33220793339638516
x4^5,-0.07746491070847557,-0.005172418133141549,0.5845646349795508
x2^2 x5 x6^2,0.07114068773569238,-0.012699981629186948,0.3056072210007223
x1 x2 x4 x5 x6,-0.06886915765835312,-0.0008041603917749731,0.2086501391729031
x1 x2^2 x5 x6,-0.06855711483474966,0.0012361099646232992,0.24862014279993855
x2 x4^2 x5 x6,0.06663509252048881,-0.012273712425606277,0.25047968190949677
x1^2 x3 x6^2,-0.06587495045123976,-0.007774750328328007,0.32161757282000975
x1 x3^3 x5,-0.06442714583870714,-0.008554992044544067,0.3391100091877984
x1 x6^3,0.06233030581062259,-0.01991989420291516,0.4485950236180886
x3 x5^2 x6,0.06081867700097291,0.009687978251367555,0.33524751303673095
x2 x6^3,0.05910517590071144,-0.009455785759000362,0.45230958641151336
x3^2,-0.057322971630162686,0.4966508353106288,0.4026639623916192
x1 x2^2 x6,-0.056344237702418594,-0.01103846800059482,0.346643536896798
x3 x4^2 x6,-0.052838660965440126,0.005846353363771886,0.32975699680476434
x4 x5^4,-0.05037666910289069,0.003759060505402712,0.4467041333556746
x2 x3^2 x5 x6,0.049833230992940694,-0.002197933934661524,0.24134824075096842
x1 x2 x3 x5^2,0.047829556653275034,0.00709000570672364,0.26863281419565227
x3 x4 x5 x6^2,-0.04664124105245185,-0.005169973251740598,0.24658057696919508
x1 x3^2 x4,-0.045697128893443184,0.1480101090155712,0.3294872225678743
x1^4 x3,0.044757162601393854,-0.004512617169943248,0.46036631075653234
x2 x3^2 x6,0.0441051231628784,-0.006659096210055462,0.33035222261024755
x1 x2^2 x6^2,0.04407184000883355,0.003286824217218413,0.3183515861604234
x2^3 x6,0.04309378354477988,-0.006752972432189093,0.44964747503351293
x2 x4^3 x6,-0.043076526781725744,-0.02236193148811325,0.32219547903558526
x1^3 x6^2,0.042783615801052534,0.007558803496909441,0.41723321913051853
x2^3 x5,0.04258725108768024,-0.008605593637973105,0.45704820481942166
x1 x5 x6^3,0.04254273754452405,0.010782933394419148,0.32239413148679885
x1^3 x4 x6,-0.04158890828511342,-0.005313047602711639,0.335171232692931
x1 x4 x5 x6^2,0.041050843186086386,-0.01123947561441027,0.24732618282759072
x1 x3^2 x4 x5,-0.038526470121024135,-0.021685173157420325,0.2721479964254692
x1 x4 x5^2,0.037611313302702294,0.14112399705473155,0.340048937639899
x3 x4^3 x5,-0.037329123156600745,-0.01191900877276098,0.32519957820987566
x4 x5 x6^2,-0.036967477094257246,-0.00951802079555032,0.3302226838407184
x1^3 x5 x6,0.035302993921796984,0.00545309518190535,0.327623791795829
x3 x6^3,-0.03469766510705048,0.022193785075704693,0.4410204851150072
x4^2 x5,-0.03366253808560583,-0.03451129709742527,0.4675697997720119
x3^2 x4^2 x5,-0.03256408552612042,-0.018957880581858114,0.31069368091220106
x2^2 x3 x5,0.03255766208541889,0.004629576341588439,0.3403230513168837
x2^2 x3 x4,-0.032531409771932356,0.12672013822910486,0.31280040804015874
x4 x6^3,0.03220074185852654,0.01035833416977787,0.43285047656562387
x2^2 x5^3,-0.031659008495152685,-0.02219733696135281,0.422875901978852
x1 x2 x3 x5 x6,-0.031536927388043055,0.004718245494944839,0.20659491941993052
x1^2 x4^2,-0.030860301330722394,0.2866034807324875,0.35252507035810215
x1 x4^2 x6^2,0.027976374751923425,0.009954094459403897,0.30698771368397215
x1^2 x3 x4 x5,-0.027155101545699396,-0.02033218259060105,0.2753757070833928
x1 x2 x5^3,0.02684132557683403,-0.020211353904032014,0.3485355340364945
x1^2 x2 x6,0.025905483709273706,-0.016267276568658857,0.34994592568407595
x1^2 x4 x5^2,-0.02509609903938316,0.012557033244291119,0.3440612164768328
x2^2 x6,-0.024945155679563277,-0.019342011453747292,0.4702015495424305
x2 x3 x4^2 x6,0.023863692399843355,-0.009013928826038598,0.24860966387326786
x2 x4,-0.022300656057222007,0.23932524103011313,0.4612188917741465
x1^3 x2 x6,-0.022191149073889017,-0.01582545886028566,0.33773984491783215
x2 x5^2 x6,0.021439446756078485,-0.011392432918799806,0.34038250581859436
x4^3 x5,0.02045988839314322,-0.010651017043653583,0.4472163937707046
x5^3 x6,-0.020336894914616523,0.16643409615632582,0.41780496495493274
x1^2 x2 x5,0.019987684677706164,-0.02123914024179393,0.3599213380193241
x2 x3^2 x4,-0.01960848060176246,0.13675918612572763,0.30916017708457194
x1 x3 x5 x6^2,-0.019475808443062986,0.0030587943347539673,0.2509425870555005
x2 x3 x4 x5,0.01936000050404374,-0.0011197612420945986,0.27957656304562567
x1^3 x4^2,0.018873352340509388,0.004889804831890775,0.44001025792125936
x2^2 x3 x5^2,-0.01883797393435926,-0.0018639847087938716,0.3132447500696187
x1 x2 x5 x6,0.017905062549354228,0.05815251877136492,0.26820543799262947
x3 x4 x5 x6,0.01777357734263185,0.0501826481468174,0.2636803887862356
x3 x4 x6^2,0.016550022678736603,0.119267444087152,0.30845926529391265
x3^2 x5 x6^2,-0.01543818150053764,-0.01335145850335717,0.3001096357754051
x1 x2 x3 x6^2,-0.013267227308441496,-0.008711032503838213,0.25191970827678806
x1 x2^2 x3^2,0.012931954175644376,0.0015837072800858674,0.32346272629550304
x1 x2^2 x3 x4,-0.012843332188222825,0.0019181444980847595,0.26806940942284807
x4^2 x5 x6,0.012010395724646072,0.10143706183016622,0.31395400140848173
x1^2 x4^2 x5,-0.011146753476821841,-0.024990544732300835,0.34096772555211635
x1^2 x2^2 x6,-0.011019964120629847,-0.012108814965892315,0.32049332834444605
x1^2 x2 x6^2,0.010937755679281543,-0.008618359642830389,0.3216944074476107
x1 x2 x3^2 x4,0.010661284235128353,0.0022631140363682375,0.2699636628374605
x3 x4,0.010363242830768648,0.23319341047495576,0.4469875223087968
x2 x3^2 x5,0.010235729030658674,-0.004136663119288684,0.3404911114632239
x1^2 x3 x5^2,0.009271231743585557,0.006966883005680982,0.32839153055006554
x1 x3^3,0.008891112055455582,0.19595885629903176,0.4177264984049422
x2 x3^2 x5^2,0.008730662542354132,-0.004606429536813326,0.31371879316725865
x2^4 x4,-0.008667998345186202,0.0012391495131687685,0.4416730790379146
x3^3 x4,0.008595630804914788,0.18838816663847946,0.40019679277903486
x1^2 x2^2 x5,-0.008198762446925117,-0.021314012660903287,0.3280344449836483
x4 x6^4,-0.007945465449654552,0.002566351187523738,0.4228497004250122
x1^2 x3 x4 x6,0.007572331106564845,-0.008668248505873104,0.26451924313677394
x1 x4 x5^2 x6,0.007494206702829063,-0.004838376695873346,0.2535741987139828
x1 x2 x6^2,0.00740714970938131,0.14527717134984708,0.3156905665515494
x1^3 x6,0.007279450055691856,-0.018174581751732553,0.455803220529913
x1 x3 x5^2,0.006967509417673242,0.1208845560123903,0.33425802534084825
x1^2 x4^2 x6,-0.006919284998526426,-0.015083148974378244,0.3148628663702648
x1 x2 x4 x5,-0.00686304616582138,-0.013988356916709964,0.2984536980328567
x4^2 x6^2,0.006846465880673695,0.2473570423867191,0.3248446137703012
x1 x2 x3^2 x5,0.006791033140195691,-0.007445649903391609,0.2682746857373528
x2 x3^3,-0.006741717626483324,0.18090955405151737,0.40315885028741405
x4^4 x6,-0.006564690773929268,-0.0230426936260707,0.41545616583294875
x2 x3 x4^3,0.0059782076684966,-0.011322406797609314,0.32542190517555475
x3 x4 x5^2 x6,0.005902631583989723,-0.00975508266899193,0.24891112551620345
x4^4,0.00580834675880806,0.41217691646038923,0.42948766420832746
x1 x4^3,0.005653926551796989,0.21191768607440933,0.4157105971734637
x1 x4 x5 x6,0.005455108771721732,0.05126069894396431,0.26901463881536075
x1 x2 x4^2 x6,-0.004530005623612481,-0.01262266885136108,0.2559542068737651
x1^2 x2 x5^2,-0.004211157404255242,0.0019969237232173444,0.33393905302289834
x2^2 x5 x6,0.004091826553822239,0.1018053518179356,0.3204355601401948
x1 x3 x4 x5 x6,-0.0035156983914775325,0.005113080274953506,0.21110236423702014
x1 x3 x4^2 x5,-0.0026530094713131795,-0.013719301163119002,0.271970696503136
x1 x3^3 x6,-0.001986525319397415,0.0015616960096318027,0.32984868923937727
x2 x4^2 x5,0.0013571690196958193,-0.010922681672035752,0.34955846556447545
x1^2 x3 x6,-0.0011786489372136403,0.01853681017779873,0.35016266060296947
x2^2 x4 x6,0.001141615781669797,0.008028023293759168,0.3386711880704379
x1 x3^2 x5 x6,-0.0009316849480581468,0.010633848714460298,0.2510999215161763
x4^3 x5 x6,0.0008415468636094811,-0.012000323679120654,0.31490546784800766
x2 x6^2,0.0008042048238583883,-0.015010135346412285,0.4711343450182973
x1 x3 x4 x6,0.0006654550363355728,0.004655750021574485,0.2805907840801739
x2 x3 x4 x5 x6,-6.873666684862725e-05,0.003353134127328657,0.20438674971402704
x4^2 x6,-0.0,-0.026627138287663173,0.4481590370121689
x4^3,-0.0,-0.004644006147014055,0.6120069815200988
x3 x6^2,-0.0,-0.004221833382586347,0.46121700859742953
x3 x5 x6,-0.0,0.008464505389936925,0.365313738737945
x1^3 x5,-0.0,-0.03410627663171828,0.47419251060763135
x1^3 x4,-0.0,0.22330933112326093,0.4264678693423928
x1^3 x3,0.0,0.19482305016744927,0.42769744541818344
x2^3 x5^2,-0.0,-0.004332618955481455,0.42019574021169215
x1^4,-0.0,0.4519751974154709,0.44345068775632407
x6^3,0.0,-0.04078449859310914,0.6108551341612006
x5 x6^2,0.0,-0.030461121531002146,0.46050268832191843
x5^2 x6,0.0,-0.03747206498829657,0.466430276893787
x1 x4^2 x5 x6,0.0,0.0036231683205830726,0.25177949252285775
x1^2 x4 x5,-0.0,-0.011052173630837802,0.37158544331942606
x1^2 x3 x5,0.0,-0.011413717398038294,0.35704212339210506
x1^2 x3 x4,-0.0,0.14365645816880482,0.3372724910877373
x1^2 x3^2,-0.0,0.2768843396475793,0.34970881966322387
x1^3 x2,-0.0,0.23334976347296188,0.4113152531076441
x2^2 x4 x6^2,-0.0,0.0038626143019718034,0.31043551978749295
x2^2 x4 x5 x6,0.0,-0.005169396701600415,0.24813507860587222
x2^2 x4^2 x6,-0.0,-0.016288188321866712,0.30947440715576363
x2^2 x4^3,-0.0,-0.006086482113094756,0.4147034656785057
x2^2 x3 x6^2,-0.0,2.228370301317087e-05,0.3056848309451772
x2^2 x3 x5 x6,-0.0,0.004023788375130776,0.243005174755716
x2^2 x3 x4 x6,0.0,-0.003003240600911229,0.24672798413767236
x2^2 x3 x4 x5,-0.0,-0.005129852070021553,0.25625144623105606
x2 x3^2 x4 x6,-0.0,-0.012007567015768791,0.24551919906785982
x4 x5^2,-0.0,0.00414576962529677,0.4754748183731125
x2 x3^3 x6,-0.0,-0.0025429210772835,0.31526832136478466
x2 x3^3 x5,0.0,-0.004598531954207049,0.32608178731133647
x2 x3^3 x4,-0.0,-0.004816722589140333,0.3246462226309324
x2 x3^4,0.0,-0.004753530540882563,0.43160060039309045
x2^2 x6^3,0.0,-0.020571754756672434,0.41417704106181513
x2^2 x5^2 x6,0.0,-0.014634358759079254,0.3080818555125139
x5^3,-0.0,-0.051830252033430585,0.6355869047319498
x4 x6^2,-0.0,0.006313775700516326,0.45181118728643876
x4 x5 x6,0.0,-0.010416438141946958,0.36361614877490167
x2 x3^2 x4^2,-0.0,-0.004288158977568179,0.3098724406928554
x1 x2 x4 x6^2,0.0,0.0027108943129197055,0.2551020231432299
x1 x2 x4 x5^2,-0.0,0.004727814639035129,0.2792359159975761
x1 x2 x4^2 x5,-0.0,-0.017816816779550698,0.2772660764903691
x1 x2 x4^3,0.0,-0.003792900636824939,0.35072021788757973
x1 x2 x3 x4 x6,-0.0,-0.0071197038278576616,0.2118931061731572
x1 x2 x3 x4 x5,-0.0,-0.00706070305305185,0.22618837517970863
x1 x3 x5^3,-0.0,-0.015740959966323027,0.3409720805003894
x1 x3 x4 x6^2,-0.0,0.00376178164750321,0.25756592682041507
x1^2 x2 x4,-0.0,0.15362038248218957,0.33622216544460864
x1 x3 x4^2 x6,0.0,-0.003648392911277354,0.25873739887138036
x1 x3 x4^3,0.0,-0.0006322012689802082,0.3446231444862163
x1 x3^2 x4 x6,-0.0,-0.00540406941453964,0.25856918583513105
x1 x3^3 x4,0.0,-0.00013098520244619115,0.3480042531652521
x1 x2 x6^3,0.0,-0.01226468823101736,0.33387972762644785
x3 x5^2,-0.0,-0.0014911774499854716,0.46568172340922126
x3 x4 x6,0.0,-0.004641005279956299,0.36165488500374393
x3 x4 x5,-0.0,-0.01958022791010875,0.36960871470870005
x1 x4^3 x6,0.0,-0.007038363445620185,0.3230981677001247
x1 x3 x4 x5^2,0.0,0.006649467144838085,0.27149612856881883
x1^2 x2 x3,-0.0,0.12987837652963638,0.33393877631915686
x1^2 x2^2,0.0,0.2835128264348366,0.3489929170344924
x2^4 x3,0.0,-0.004122402389089154,0.42941406481827576
x2^5,-0.0,-0.017950685803104976,0.6004299692909006
x1 x6^4,0.0,0.009895228700049533,0.43849769103500813
x1 x5^2 x6^2,0.0,0.01496491022156656,0.30800165526550016
x1 x5^3 x6,0.0,0.005596278146417876,0.3276485564724366
x1 x5^4,-0.0,0.017676124841234837,0.4643248279465473
x1 x4 x6^3,0.0,-0.004969518508849423,0.3237392153745968
x1 x2 x5^2 x6,-0.0,-0.011212531960414392,0.2521832333089646
x1 x2 x3 x4^2,-0.0,-0.000471222454587501,0.26948019633644943
x1 x2 x3^2 x6,-0.0,-0.012127995368042955,0.25190929847358384
x1 x2^2 x5^2,-0.0,0.008117297557372567,0.32996883266274263
x1 x2^2 x4 x6,0.0,-0.007700053899834393,0.25661141552723005
x1 x2^2 x4 x5,-0.0,-0.021378007961743,0.2733423646132136
x1 x2^2 x3 x6,0.0,0.00235061654292759,0.25165343790122274
x1 x2^2 x3 x5,-0.0,-0.00520900078184739,0.26489208859523716
x1 x2^3 x6,0.0,-0.01286099626834771,0.3312830215562599
x1 x2 x5 x6^2,0.0,-0.008503560342801105,0.24893822751783667
x1 x4 x5^3,0.0,-0.04064433146200149,0.35241874322058625
x3^3 x4^2,0.0,-0.0013621554303764132,0.4026798448536492
x3^4 x6,-0.0,-0.02011829937637682,0.4263446588404096
x3^4 x5,-0.0,-0.019121450123177973,0.4274892051205198
x3 x5 x6^3,0.0,0.007726602280777782,0.3189470205453541
x2 x4 x5 x6,0.0,0.04950566792390518,0.2672820891607382
x2 x4 x5^2,-0.0,0.13444591118389398,0.32657008085902123
x2 x4^2 x6,-0.0,-0.015044232451952614,0.337046470864923
x2 x4^3,0.0,0.19486818631839245,0.4086917909660327
x2^3 x5 x6,-0.0,-0.016654030382157365,0.3197405202491259
x3^2 x4 x5^2,0.0,0.0008588979115091406,0.31246432931394647
x3^2 x4^2 x6,0.0,-0.01848438431578917,0.3005868955954983
x4^4 x5,-0.0,-0.030130097853777005,0.43413734266763004
x2 x4 x5^2 x6,0.0,-0.009208998437828589,0.2529000732846371
x2 x4 x5^3,-0.0,-0.02364659938216173,0.33984662946991195
x2 x4^2 x6^2,-0.0,-0.009306398813486147,0.3085864602846298
x2 x4^3 x5,0.0,-0.024654818136970933,0.33471447153758477
x2 x4^4,-0.0,-0.014903384324834665,0.4411055148906261
x2 x3 x6^3,-0.0,-0.0026499257615249508,0.3207918887578278
x3^2 x4 x5 x6,0.0,0.0018570170363683006,0.24480303116519622
x1 x5^2,-0.0,0.0174872442321726,0.4943205689828012
x1 x4 x6,-0.0,-0.005541072302892729,0.3713744216604003
x1 x4 x5,-0.0,-0.03953180201309932,0.39605551539950606
x1 x4^2,0.0,0.005447189738565071,0.4875649571363462
x1 x3 x6,-0.0,0.004344181305706199,0.37725172814228863
x1 x3 x5,-0.0,-0.013038784082460108,0.38629574529516325
x1 x3 x4,0.0,-0.0006324690171724493,0.3911689147444665
x3^4 x4,-0.0,-0.004961488715671517,0.4323033411537887
x3^5,-0.0,-0.004427650157754477,0.5877680481847307
x3^3 x4 x5,-0.0,-0.01898221975393221,0.325182669193717
x2 x5 x6^3,0.0,-0.017921715230221513,0.3211288600443241
x2 x5^2 x6^2,0.0,-0.00487320624887424,0.308273063735263
x2 x5^3 x6,-0.0,-0.01916863682331745,0.32667722579159303
x2 x5^4,0.0,-0.003294449755058344,0.45530944670435153
x2 x4 x6^3,0.0,-0.01445726315418628,0.3247732747668523
x3^2 x4^3,0.0,-0.008292854418408348,0.40134933944094203
x3^3 x5 x6,-0.0,0.010193453209108586,0.3131913371578746
x3^3 x5^2,-0.0,-0.0029021196434429416,0.4024969313082482
x3^3 x4 x6,0.0,-0.004399357583672364,0.316013941012081
x2 x6^4,0.0,-0.012768953514786546,0.44182324165389225
x3 x4^4,0.0,-0.0021150952133767386,0.42754721448893057
x3^2 x6^3,0.0,-0.0235269420818305,0.39878744434635793
x2,-0.0,-0.027018817199042956,0.7215782451825772
x3^2 x5^2 x6,0.0,-0.02441790999050735,0.30128875257853727
x2^3 x4 x6,-0.0,-0.014824120979223117,0.32395617747965844
x2^3 x4^2,-0.0,-0.014847568478164385,0.41431859808828786
x2^3 x3 x6,0.0,-0.0016092380498287336,0.31856650386847063
x2^3 x3 x5,-0.0,-0.002627696837531511,0.32519340305135724
x2^3 x3 x4,0.0,-0.0033164234556460667,0.3228419732481441
x2 x3 x5 x6^2,-0.0,-0.00045565783849048466,0.24372348469144361
x2^4 x6,-0.0,-0.014016144632697812,0.43738813252760295
x2^4 x5,-0.0,-0.02744698185965246,0.4437024802869147
x2^2 x3 x4^2,0.0,-0.0028684676049877795,0.3106640942092358
x2^2 x3^2 x6,-0.0,-0.01190829245108829,0.30013161528589655
x2^2 x3^2 x5,-0.0,-0.013403970755768551,0.30987547202926297
x2^2 x3^2 x4,-0.0,-0.0008641923606083774,0.30815715194089127
x2^2 x3^3,-0.0,-0.0009361221554219643,0.4010730143848567
x2^3 x6^2,0.0,-0.010892708819001392,0.4123503297419006
x1 x4^3 x5,-0.0,-0.03252084055008192,0.34849173647697523
x2^3 x3^2,-0.0,-0.00555010385658824,0.3998221780092644
x1^2 x2,-0.0,-0.011632803548137154,0.49067387287489717
x1^3,0.0,0.008720381251414487,0.6470616001422836
x5 x6,-0.0,0.20098305406043973,0.4683732206221607
x5^2,-0.0,0.524941677831207,0.4066639392228227
x4 x6,0.0,0.00708924293918656,0.4972994922793184
x4 x5,0.0,-0.012701438798191435,0.5172633305055319
x2^2,0.0,0.5214051804036025,0.4002373975387997
x3 x5,0.0,-0.007718454859722127,0.508277760506723
x3^2 x5^3,-0.0,-0.022283983548309877,0.4046261309375771
x4^2,0.0,0.5043381437676558,0.39726559529033506
x1 x2 x4,0.0,-0.0002871924881610033,0.39660562427783125
x1 x2 x3,0.0,-0.004533663604554533,0.385565628277055
x1 x2^2,0.0,-0.002179830480392349,0.4870492586848264
x1^2 x5,-0.0,-0.035927188844103466,0.49291386697541656
x1^2 x4,-0.0,0.005212859660176805,0.4975490402781773
x1^2 x3,0.0,-0.0035779373300696598,0.4870544770959434
x3 x5^3 x6,0.0,0.0046571532638422656,0.32204981450187403
x3 x4^2 x5^2,0.0,-0.0016608924630494189,0.3121001049958705
x3 x4^3 x6,0.0,-0.006237024211143353,0.3159993958691673
x3^2 x4 x6^2,-0.0,0.0027608475980056765,0.3016092187058011
x3 x5^2 x6^2,-0.0,0.0032525702121655327,0.3057880165058407
x2 x3 x5^2 x6,0.0,-0.008471293686082241,0.24499583735476735
x2 x3 x5^3,-0.0,-0.0014232329084953852,0.33065617441588624
x2 x3 x4 x6^2,-0.0,-0.0018636855871685008,0.24686629152071546
x2 x3 x4 x5^2,-0.0,-0.0002119802300480158,0.25904552705250133
x2 x3 x4^2 x5,0.0,-0.004240817982397421,0.25974536472369136
x2 x3^2 x6^2,-0.0,-0.0025931645366305657,0.30122409039707043
x2^3,-0.0,-0.020661117974508928,0.6277912903115854
x1 x4^4,0.0,0.005834291756789837,0.45492686483166644
x2 x3,-0.0,0.21236327147287765,0.461481889038558
x6^5,0.0,-0.038571850131232474,0.5865423123975018
x5 x6^4,-0.0,-0.028194287620525525,0.4286376784320183
x5^3 x6^2,0.0,-0.025304888790176467,0.40645491587219007
x5^4 x6,-0.0,-0.034095182131218066,0.4381609804736976
x5^5,-0.0,-0.04870518959537618,0.6116477926746716
x2 x4^2,-0.0,-0.01564053194470935,0.4729444498070904
x2 x3 x6,0.0,-0.0035845771256552018,0.3660747037001596
x2 x3 x5,-0.0,-0.00508788834440764,0.3736871342400912
x1 x5 x6,0.0,0.006635546882247866,0.3732133245026134
x3 x5^3,0.0,-0.007285413788182103,0.4471638689543283
x3 x4 x5^2,0.0,0.1239028668794254,0.3173677117951423
x3 x4^2 x5,0.0,-0.0022931872707840925,0.33887938584307936
x3 x4^3,0.0,0.19144055002632823,0.39455580022111036
x2 x3 x4^2,-0.0,0.1230949471639547,0.316122620907315
x2^2 x6^2,0.0,0.26614748364648877,0.33931889312088326
x2^2 x4 x5,0.0,0.0013996941618054264,0.3486087052070744
x2^2 x4^2,0.0,0.26999943712349245,0.33835773930632423
x2^2 x3 x6,-0.0,0.021405123013943327,0.3326990746028551
x2 x3 x4 x6,0.0,0.001458568582972079,0.26939427522981624
x2^3 x4,-0.0,0.19762976087234319,0.4081320451101458
x2^4,0.0,0.43205333654034367,0.4327103788824261
x5^4,-0.0,0.440939324588466,0.44007862690620075
x4 x5^2 x6,0.0,-0.004011792769534831,0.33723347958293776
x4 x5^3,0.0,-0.01306532049119027,0.4568731359095946
x4^3 x6,-0.0,0.00042909799515043713,0.4278024719460234
x2 x3 x6^2,-0.0,0.11564813637642624,0.314098459334237
x2 x3 x5 x6,-0.0,0.04018020271674773,0.2639094243459815
x2 x3 x5^2,-0.0,0.11422450787971325,0.32432860347161296
x2^2 x3^2,-0.0,0.25806369298125886,0.3298285945098458
x1^2,-0.0,0.5345075716012414,0.40777058907725594
x6,-0.0,-0.04609457914097421,0.7041134721433958
x5,-0.0,-0.05832210867651582,0.7221774085851305
x4,-0.0,-0.001565152757290087,0.7101659623387346
x3,-0.0,-0.010179555193550249,0.7046610617642288
x3 x4^2 x5 x6,0.0,0.0036586993126260566,0.24713899757213909
x2 x4 x5 x6^2,-0.0,-0.009069448557250085,0.24690142026194828
x3 x4^2,-0.0,-0.0020544114524727363,0.45842277784974195
x2 x3 x4,-0.0,-0.007466738419626267,0.3698551377027681
x2 x4 x6^2,-0.0,0.1274582304491057,0.31353036156370717
x4 x5^2 x6^2,0.0,0.0035878646390780124,0.3068239110703819
x1 x3^2,0.0,0.011063706730652914,0.48082173202983186
x1 x2 x6,-0.0,-0.017257681578210247,0.3788707932289905
x1 x2 x5,0.0,-0.0206765325216013,0.39107079199695777
x4 x5^3 x6,0.0,-0.010406266727752463,0.32536387484399454
x4^2 x6^3,-0.0,-0.020916267484297587,0.3910280137721901
x4^2 x5 x6^2,-0.0,-0.011735728422037574,0.2996906239107245
x4^2 x5^2 x6,0.0,-0.01800220479585072,0.30626431147160116
x2 x5,0.0,-0.010737087010262356,0.5262384125881867
x2 x3^2,-0.0,-0.011824156166503438,0.4611556036825683
x2^2 x5,-0.0,-0.029894601158382262,0.47789266446284673
x2^2 x4,-0.0,0.00019761531121800723,0.4741620617988963
x2^2 x3,-0.0,-0.005426127203565336,0.46148440009507624
x4^3 x6^2,-0.0,-0.00030355710008645066,0.38927144814069686
x3^2 x6,0.0,-0.02622978944627275,0.4578484685000092
x3^2 x5,-0.0,-0.025798025508436677,0.4596877924159072
x3^2 x4,-0.0,-0.006114353796165051,0.4606862854210484
x3^3,-0.0,-0.005815240744459638,0.611753085109655
x1 x2,0.0,0.2763127339122762,0.45515283094007053
x2 x5^2,-0.0,-0.008021018503221775,0.4841841008049825
x2 x4 x5,-0.0,-0.026892228780866397,0.38107363047428283
x3 x5^4,0.0,0.00031845345958582074,0.43686877295931614
x3 x4 x6^3,0.0,-0.0015835188753631458,0.31735581878761987
x3 x4 x5^3,-0.0,-0.018493787679613155,0.3270274777841143
x3 x4^2 x6^2,-0.0,-9.472556050630207e-05,0.3021619743474419
x1 x6,0.0,-0.024703473767878542,0.5138314090812913
x1 x4,0.0,0.2546696768213319,0.4709000280741189
x1 x3,0.0,0.2303926213926744,0.47307883027608844
x2 x5 x6,0.0,-0.02398273364665985,0.36998672140316546
x1 x4^2 x6,-0.0,-0.011681984461897188,0.3374732464811217
x1 x4^2 x5,0.0,-0.020194766380950215,0.3642168558050913
x1 x3 x5 x6,-0.0,0.04369784204849948,0.27179659586858385
x1 x3 x4 x5,-0.0,-0.009319208587762145,0.2937856425626453
x1 x3 x4^2,-0.0,0.14138352128163253,0.3298384091947405
x1 x3^2 x6,0.0,-0.00885850781288385,0.34433364659579957
x1 x2^3 x5,0.0,-0.018314773657170887,0.340809118256984
x1 x2^3 x4,0.0,0.0016649374419659515,0.350389646430853
x3 x5 x6^2,0.0,0.0047019821617824,0.33319602035526363
x1 x2^4,0.0,-0.004331830878599235,0.45469856270190434
x1^2 x6^3,-0.0,-0.02650385406441679,0.41451239867971984
x1^2 x5 x6^2,-0.0,-0.01897533984417805,0.3085895496944483
x1^2 x5^2 x6,-0.0,-0.01857613165857154,0.31188149284716316
x1^2 x5^3,-0.0,-0.03482572092693944,0.43693126147129785
x1^3 x2 x3,0.0,-0.0023233608084195162,0.34631350624217766
x1^3 x2^2,0.0,0.00194333487757841,0.4335380303371557
x1^4 x5,-0.0,-0.028976838349757398,0.4640759971928555
x1^4 x4,0.0,0.007165986195028435,0.47231155603339536
x1 x2^3 x3,0.0,-0.0022307544123234585,0.33766113760065214
x4^2 x5^3,-0.0,-0.03314744664594422,0.4125277475253498
x1 x3 x6^3,-0.0,0.006163895112251312,0.3306217913848428
x1 x3 x5^2 x6,0.0,0.0033210346087874697,0.25236373320023625
x1 x2^2 x3,0.0,0.13073513105895376,0.32745161207411483
x1 x2^3,0.0,0.2254636926220142,0.4083689334337622
x1^2 x6^2,0.0,0.2646329785746665,0.3419756210414186
x1^2 x5 x6,0.0,0.11341576404084651,0.32217545882540405
x1^2 x5^2,-0.0,0.28836774994705594,0.3528340062409842
x1^2 x4 x6,-0.0,0.0027815268183018697,0.3455574078061664
x1^2 x4 x6^2,0.0,0.004707172262532581,0.3151033231796114
x1^2 x4^3,-0.0,0.004536777781364073,0.43528958115014316
x1 x3^2 x5,-0.0,-0.016267104367499036,0.3534304652200069
x1 x2 x5^2,0.0,0.14894238040086313,0.3303357391958563
x1 x2 x4 x6,-0.0,-0.002267258853583701,0.2790434236543421
x1 x2 x4^2,-0.0,0.15637433342494864,0.3295149817404817
x1 x2 x3 x6,0.0,0.00040703594321979023,0.27591020299726793
x1 x2 x3 x4,0.0,0.08772080398587123,0.27763282475462
x1 x2^2 x5,-0.0,-0.019707331787773476,0.35644003336506797
x1 x2^2 x4,-0.0,0.14883183151143228,0.33319721043044837
x1^2 x4 x5 x6,0.0,0.000834875594262365,0.2548057581685495
x1^2 x3 x4^2,0.0,0.0016463509804504298,0.3372471892375358
x1^2 x3^2 x6,-0.0,-0.017560090932316908,0.32032114662446093
x1^2 x3^2 x4,0.0,-0.0004762755187539067,0.33938975691487633
x1^2 x3^3,0.0,-0.002525875904930535,0.4282123426447697
x1^2 x2 x5 x6,0.0,-0.007581892399555813,0.25206933218442934
x1^2 x2 x4 x6,-0.0,-0.01223104315289484,0.2600749036486893
x1^2 x2 x4 x5,-0.0,-0.016901202745309995,0.2794206852255998
x3^2 x6^2,-0.0,0.256104945912005,0.32993118781702346
x1^4 x2,0.0,-0.0077747663440219895,0.4629741402278902
x3^2 x4 x6,0.0,-0.004789600608913754,0.32990098830358927
x3^2 x4 x5,0.0,-0.0051343949716812255,0.3392884833580685
x3^3 x6,-0.0,0.013715981102127035,0.43774450804936715
x3^3 x5,-0.0,-0.01075986470583482,0.4393541076681348
x3^4,-0.0,0.4088003188236654,0.4349787051055316
x2 x5 x6^2,-0.0,-0.0015788814548402935,0.33652212461305103
x1 x5^2 x6,0.0,-0.020978785291017547,0.34137306748602014
x1 x5^3,-0.0,-0.0339883025659562,0.4743519411087237
x1 x4 x6^2,0.0,0.11999841637502799,0.3158231922279491
x3^2 x5 x6,0.0,0.10129843733442781,0.31367260102926614
x1^5,0.0,0.009968882074702874,0.6242142755296399
x5 x6^3,-0.0,0.16925378131132351,0.40706202969250416
x5^2 x6^2,0.0,0.25976766181543687,0.3347655246650146
x1^3 x5^2,-0.0,0.018961884518099704,0.4379767492008364
x1^3 x4 x5,-0.0,-0.03213223632411706,0.358730083959907
x1^3 x3 x6,-0.0,0.002426828556104863,0.339295424553556
x1^3 x3 x5,-0.0,-0.01353948884326014,0.3436986376528146
x1^3 x3 x4,0.0,-0.002892115583497969,0.35572258573823584
x1^3 x3^2,0.0,0.008066391397134758,0.4306256889965454
x1^2 x3 x5 x6,-0.0,0.004921928783404496,0.25472526575364
x1^3 x2 x4,0.0,0.0040913346917633795,0.3577506487740388
x1^2 x2 x4^2,-0.0,-0.003968620050774477,0.34065839172565954
x1^2 x2 x3 x6,0.0,-0.004395090934922104,0.25762287781652154
x1^2 x2 x3 x5,-0.0,-0.003656593460366996,0.269681840685675
x1^2 x2 x3 x4,0.0,0.00011194809871975986,0.2742887732241533
x1^2 x2 x3^2,0.0,-0.005256341124860303,0.32915622538510136
x1^2 x2^2 x4,-0.0,0.0028534832229884736,0.3409987458908631
x1^2 x2^2 x3,-0.0,-0.003311142931671889,0.32838513442278405
x1^2 x2^3,0.0,-0.007658162986457472,0.4308516733464694
x1^3 x2 x5,-0.0,-0.016886264620732096,0.3463168626283484
