kind,degree,alpha,l1_ratio,cv_mse,cv_std
ols,1,0.0,,33.097722364866954,6.479825511967989
ridge,1,31.622776601683796,,33.09890638064776,6.616908739415116
ridge,1,7.196856730011529,,33.095101024685455,6.511855749084735
ridge,1,1.6378937069540649,,33.096964714436844,6.487159442909519
ridge,1,0.3727593720314942,,33.09754145085859,6.481496913271728
ridge,1,0.0848342898244072,,33.0976807504841,6.480206017059056
ridge,1,0.0193069772888325,,33.09771287120575,6.479912115276724
ridge,1,0.0043939705607607,,33.09772020307122,6.479845221868527
ridge,1,0.001,,33.09772187281419,6.47982999765434
lasso,1,0.0316227766016837,1.0,33.10393606029244,6.515329828701851
lasso,1,0.0117876863479358,1.0,33.0993060210865,6.492978808987608
lasso,1,0.0043939705607607,1.0,33.09821088933124,6.48471727243832
lasso,1,0.001637893706954,1.0,33.09789073784622,6.481647785349854
lasso,1,0.0006105402296585,1.0,33.09778316362866,6.48050456481708
lasso,1,0.0002275845926074,1.0,33.097744755301285,6.480078605187883
lasso,1,8.483428982440725e-05,1.0,33.097730673195485,6.479919850656453
lasso,1,3.1622776601683795e-05,1.0,33.097725456605914,6.479860677017286
ols,2,0.0,,20.83891467292616,3.958027581645394
ridge,2,31.622776601683796,,20.8492545368814,4.189280511468749
ridge,2,7.196856730011529,,20.83518812695208,4.011596765677998
ridge,2,1.6378937069540649,,20.83772753332361,3.970264883744132
ridge,2,0.3727593720314942,,20.838626636380983,3.96081493274624
ridge,2,0.0848342898244072,,20.838848191491916,3.9586620599634688
ridge,2,0.0193069772888325,,20.83889949462881,3.958171985352138
ridge,2,0.0043939705607607,,20.838911216085265,3.9580604460261055
ridge,2,0.001,,20.83891388607324,3.95803506108876
lasso,2,0.0316227766016837,1.0,20.85029544859525,4.0406604015711896
lasso,2,0.0117876863479358,1.0,20.84110150092055,3.9884701818762696
lasso,2,0.0043939705607607,1.0,20.83944447159984,3.969324151683084
lasso,2,0.001637893706954,1.0,20.8390755318738,3.962252387824396
lasso,2,0.0006105402296585,1.0,20.83897235705541,3.959604943328909
lasso,2,0.0002275845926074,1.0,20.83893540961508,3.958615418993206
lasso,2,8.483428982440725e-05,1.0,20.83892229677478,3.958246684461756
lasso,2,3.1622776601683795e-05,1.0,20.83891750006711,3.958109251625534
ols,3,0.0,,10.484832067190762,1.5715657638700544
ridge,3,31.622776601683796,,10.936209091358052,1.8711574978102932
ridge,3,7.196856730011529,,10.515279760925134,1.6577445105922737
ridge,3,1.6378937069540649,,10.481913611607569,1.5929349298200253
ridge,3,0.3727593720314942,,10.483501539538786,1.5765388555090978
ridge,3,0.0848342898244072,,10.48449244874929,1.5727035173935564
ridge,3,0.0193069772888325,,10.48475284006832,1.5718250107506864
ridge,3,0.0043939705607607,,10.484813935744086,1.5716247806498953
ridge,3,0.001,,10.484827935539611,1.5715791960185648
lasso,3,0.0316227766016837,1.0,10.598302798445198,1.7032579105991483
lasso,3,0.0117876863479358,1.0,10.500963489715092,1.6192032361074653
lasso,3,0.0043939705607607,1.0,10.487083623998611,1.5892190903101069
lasso,3,0.001637893706954,1.0,10.485156190019817,1.5781254324860687
lasso,3,0.0006105402296585,1.0,10.484881204796924,1.5740086031921958
lasso,3,0.0002275845926074,1.0,10.484840358895603,1.5724758391739506
lasso,3,8.483428982440725e-05,1.0,10.484833851560806,1.571905062735898
lasso,3,3.1622776601683795e-05,1.0,10.484832551157208,1.5716922417075248
ols,4,0.0,,3.4682812711603623,0.505327511677029
ridge,4,31.622776601683796,,4.2919388733341535,0.7451343317860826
ridge,4,7.196856730011529,,3.5679656682327257,0.562509160612217
ridge,4,1.6378937069540649,,3.474453305294964,0.5176673643897146
ridge,4,0.3727593720314942,,3.4683816828968546,0.5080751020897853
ridge,4,0.0848342898244072,,3.4682286034377703,0.5059492845938921
ridge,4,0.0193069772888325,,3.468265268475072,0.5054688296203348
ridge,4,0.0043939705607607,,3.4682774199034645,0.5053596636689567
ridge,4,0.001,,3.468280383818356,0.5053348284670236
lasso,4,0.0316227766016837,1.0,3.843301818390354,0.6707242631584415
lasso,4,0.0117876863479358,1.0,3.5190607126386,0.5580674339957397
lasso,4,0.0043939705607607,1.0,3.473156868839115,0.5221748914250276
lasso,4,0.001637893706954,1.0,3.4682365894842957,0.511407223912195
lasso,4,0.0006105402296585,1.0,3.4679445217566185,0.5075619986897806
lasso,4,0.0002275845926074,1.0,3.4680621938223704,0.5061506654548275
lasso,4,8.483428982440725e-05,1.0,3.4681940364839976,0.5056338762082615
lasso,4,3.1622776601683795e-05,1.0,3.4682480192831817,0.5054417007554421
ols,5,0.0,,1.3822051236941302,0.2303975139140552
ridge,5,31.622776601683796,,2.256948190368806,0.3189367739860895
ridge,5,7.196856730011529,,1.597352174485295,0.2543105464544491
ridge,5,1.6378937069540649,,1.4235338238027455,0.2432090628213117
ridge,5,0.3727593720314942,,1.386975809476295,0.2353656237375092
ridge,5,0.0848342898244072,,1.3825763852100708,0.2317152133689957
ridge,5,0.0193069772888325,,1.3822377138936552,0.2307082388933019
ridge,5,0.0043939705607607,,1.3822096148173668,0.2304688025684144
ridge,5,0.001,,1.3822059912373572,0.2304137678807629
lasso,5,0.0316227766016837,1.0,2.126275226199644,0.2731700924765223
lasso,5,0.0117876863479358,1.0,1.5823494958963824,0.2418258708602642
lasso,5,0.0043939705607607,1.0,1.4416703156566009,0.2495439961771698
lasso,5,0.001637893706954,1.0,1.3946468864008907,0.2405878054977674
lasso,5,0.0006105402296585,1.0,1.3828596490148173,0.2334514471331815
lasso,5,0.0002275845926074,1.0,1.3818616820432186,0.2314565162471639
lasso,5,8.483428982440725e-05,1.0,1.3820059841052437,0.2307801951888834
lasso,5,3.1622776601683795e-05,1.0,1.3821209596432409,0.2305383412212612
ols,6,0.0,,0.5073465003868726,0.0760149059805844
ridge,6,31.622776601683796,,1.3130128866479307,0.1731264778993497
ridge,6,7.196856730011529,,0.8062648450653576,0.1267890455056489
ridge,6,1.6378937069540649,,0.5811693191479119,0.1024934064619305
ridge,6,0.3727593720314942,,0.5140289330344763,0.0872114349542457
ridge,6,0.0848342898244072,,0.5066222532287293,0.079505438411249
ridge,6,0.0193069772888325,,0.5069805796767322,0.0768935658167205
ridge,6,0.0043939705607607,,0.5072510016395432,0.0762200032978237
ridge,6,0.001,,0.5073241080206183,0.0760618592593848
lasso,6,0.0316227766016837,1.0,1.3405431679229112,0.1533983290058717
lasso,6,0.0117876863479358,1.0,0.903810526088456,0.132199594109306
lasso,6,0.0043939705607607,1.0,0.6754712851792977,0.1149690780169718
lasso,6,0.001637893706954,1.0,0.5456731267179012,0.0973726221797006
lasso,6,0.0006105402296585,1.0,0.5138153042119394,0.0853218393603897
lasso,6,0.0002275845926074,1.0,0.5086999607207545,0.0808989149170498
lasso,6,8.483428982440725e-05,1.0,0.5075970179045972,0.0779090307013981
lasso,6,3.1622776601683795e-05,1.0,0.5074169544494984,0.076735902518929
ols,7,0.0,,0.3036760143631125,0.0259195871172396
ridge,7,31.622776601683796,,0.8392147649729991,0.1320560507131229
ridge,7,7.196856730011529,,0.5286960821796616,0.0950883571885596
ridge,7,1.6378937069540649,,0.3671402756000895,0.0646491204594606
ridge,7,0.3727593720314942,,0.307821737813426,0.0446222039672371
ridge,7,0.0848342898244072,,0.2996602140442688,0.0324788467722476
ridge,7,0.0193069772888325,,0.3016119130836837,0.0276596388296858
ridge,7,0.0043939705607607,,0.3030542594362573,0.026332038537149
ridge,7,0.001,,0.3035230962585767,0.0260144108338551
lasso,7,0.0316227766016837,1.0,1.0370394466635953,0.095294579023122
lasso,7,0.0117876863479358,1.0,0.6612951607773534,0.0886433789324988
lasso,7,0.0043939705607607,1.0,0.4642292160811269,0.074874969121111
lasso,7,0.001637893706954,1.0,0.3468702232086551,0.059976777076301
lasso,7,0.0006105402296585,1.0,0.3106726909254066,0.0465120739179967
lasso,7,0.0002275845926074,1.0,0.300398538228814,0.0345630268010632
lasso,7,8.483428982440725e-05,1.0,0.3015723659472544,0.0299896641607185
lasso,7,3.1622776601683795e-05,1.0,0.3027955862107863,0.027619783254125
ols,8,0.0,,0.2606509376189973,0.0232229747440543
ridge,8,31.622776601683796,,0.5660805997374716,0.086152537488285
ridge,8,7.196856730011529,,0.3465717560477779,0.0623933683646023
ridge,8,1.6378937069540649,,0.2714191179577437,0.0414830885222048
ridge,8,0.3727593720314942,,0.2501590774012632,0.0272675011117052
ridge,8,0.0848342898244072,,0.2496745370986082,0.0219840044885777
ridge,8,0.0193069772888325,,0.2546300194517676,0.0221427611589511
ridge,8,0.0043939705607607,,0.2584755219610785,0.022823463166453
ridge,8,0.001,,0.2600685111443397,0.0231169218401552
lasso,8,0.0316227766016837,1.0,0.7901014562435558,0.0950368095837123
lasso,8,0.0117876863479358,1.0,0.4524346845507068,0.0691117975128069
lasso,8,0.0043939705607607,1.0,0.3387890009309843,0.0552147015144859
lasso,8,0.001637893706954,1.0,0.2716477699357568,0.0412946064332486
lasso,8,0.0006105402296585,1.0,0.2568015830495945,0.0341743945083838
lasso,8,0.0002275845926074,1.0,0.2507462649356841,0.025966082448588
lasso,8,8.483428982440725e-05,1.0,0.25372679607466,0.023593910776531
lasso,8,3.1622776601683795e-05,1.0,0.2553877244157247,0.0211322874182367
