var,feature,train_mean,train_std,test_mean,test_std,train_frac_clipped,test_frac_clipped,corr_with_y
1,x1,0.0097,0.731,0.0177,0.8129,0.331,0.493,0.0937
1,x2,-0.027,0.7216,0.0054,0.7981,0.305,0.452,0.0021
1,x3,-0.0102,0.7047,0.0148,0.8239,0.302,0.52,-0.1084
1,x4,-0.0016,0.7102,-0.0175,0.8263,0.289,0.529,0.0132
1,x5,-0.0583,0.7222,-0.0114,0.8278,0.326,0.514,-0.3348
1,x6,-0.0461,0.7041,0.0137,0.8121,0.303,0.504,-0.2752
2,x1,0.0279,0.6815,0.0283,0.6827,0.257,0.254,0.0393
2,x2,-0.0173,0.6589,-0.0203,0.6697,0.226,0.248,0.4633
2,x3,0.0041,0.6688,0.0024,0.671,0.249,0.239,0.2001
